ファイル名,アプリ名,ページ種別,業界,レイアウト,主要カラー,UIコンポーネント,フロー種別,UI状態,情報密度,注目ポイント,エラー
0a69cace-0e45-42d4-8f0f-cc31b235a5bf.webp,Trip.com,コンテンツ詳細,旅行,カード式,"ブルー (#1E5EFF), ホワイト (#FFFFFF), ピンク/レッド (#FF4D6A)","ボタン, タブ・セグメントコントロール, カード, タグ・ラベル, バッジ, ツールバー, リスト, バナー・アラート","購入・予約, 選択",通常状態,高,同一客室タイプに対して「払い戻し不可・13%オフ」と「キャンセル無料・29%オフ（初回予約価格）」の2つの料金プランを縦に並べて比較提示する構成を採用している。,
0ec505e4-fed0-477c-bc37-61ec5c93cae7.webp,Trip.com,口コミ・レビュー,旅行,カード式,"ネイビーブルー (#1A3A6B), ホワイト, ライトグレー",タブ・セグメントコントロール/レーティング/カード/リスト/アバター/タグ・ラベル/ボタン/ツールバー/バッジ,レビュー・評価,通常状態,高,AIサマリーカードと項目別スコアバー（清潔度・サービス・設備・ロケーション）を組み合わせ、43件の口コミを構造化して提示しつつ、画面下部に割引価格と予約CTAボタンを固定表示している。,
50d8e2fc-8bf8-4f59-a85b-7a2758af9447.webp,Trip.com,コンテンツ詳細,旅行,カード式,"ブルー (#1E6FDB), ホワイト, ピンク/レッド（割引バッジ）","ボタン, タブ・セグメントコントロール, カード, カルーセル, タグ・ラベル, バッジ, レーティング, リスト, ツールバー","購入・予約, 選択",通常状態,高,同一ホテル内の複数客室タイプをカード形式で縦並びに表示し、各カードに価格・割引率・残室数・キャンセルポリシー・食事条件を集約してCTAボタンと共に構成している。,
5da674ed-95de-4a17-9674-cd8c854a273b.webp,Trip.com,コンテンツ詳細,旅行,カード式,"ネイビー, ホワイト, ゴールド, ブルー","ボタン, タブ・セグメントコントロール, レーティング, マップ, カード, タグ・ラベル, バッジ, トースト, ツールバー, リスト","購入・予約, 選択",通常状態,高,ホテル詳細画面にて、航空写真サムネイル上部にお気に入り追加トーストが表示され、星評価・口コミスコア・施設設備・位置情報・チェックイン日程・割引価格・新規会員特典が1画面に集約されている。,
88af5a9f-fb1d-4860-9a0b-4b1ee3170bec.webp,Trip.com,コンテンツ詳細,旅行,リスト式,"ホワイト, ネイビー, ブルー","タブ・セグメントコントロール, テーブル, リスト, タグ・ラベル, ボタン, ツールバー",購入・予約,通常状態,中,ホテルの利用条件ページで年齢別料金テーブル・朝食・ペット・年齢要件をセクション分けして縦スクロール表示し、画面下部に割引価格と客室選択CTAボタンを固定配置している。,
99cdead2-eb41-42c2-b924-ee174d791629.webp,Trip.com,フィルタ・並び替え,旅行,リスト式,ブルー（#1E5EBF）、ホワイト、グレー,"ボタン, スライダー, タグ・ラベル, レーティング, ドロップダウン, ツールバー, バッジ",フィルタ・並び替え,通常状態,中,絞り込み履歴セクションにスター評価別の選択済みタグが表示され、価格帯はスライダーと固定レンジボタンの併用、ホテルランクは星数別チェック式ボタンで構成されたボトムシート型フィルターパネル。,
cf721225-23f4-40b8-975c-21b2fe93ab42.webp,Trip.com,口コミ・レビュー,旅行,カード式,"ホワイト, ネイビーブルー, ゴールド",タブ・セグメントコントロール/カード/アバター/レーティング/タグ・ラベル/ボタン/リスト/バッジ/ツールバー,レビュー・評価,通常状態,中,口コミセクションとアメニティ＆サービスセクションが縦スクロールで連続配置され、下部に割引価格と予約CTAボタンが固定表示されている。,
d7de0830-f37c-439d-9db0-dd59e48ff557.webp,Trip.com,フィルタ・並び替え,旅行,リスト式,"ネイビーブルー (#1B3A6B), ホワイト (#FFFFFF), ロイヤルブルー (#3D5AFE)","ボタン, タグ・ラベル, ツールバー, シート",フィルタ・並び替え,通常状態,中,宿泊施設タイプ・設備アメニティ・ベッド客室タイプの3カテゴリをボトムシート形式で表示し、各項目に件数バッジ付きタグと「更に表示」展開リンクを備えた絞り込みパネル構成。,
02c3d0a4-ed5d-4ea9-a9db-63dae57543a8.webp,Trip.com,フィルタ・並び替え,旅行,リスト式,"ネイビー (#1A2B5E), ブルー (#4A6CF7), ティール (#00B2A9), ホワイト (#FFFFFF)","ボタン, タブ・セグメントコントロール, リスト, タグ・ラベル, ツールバー","フィルタ・並び替え, 選択",通常状態,中,左ペインにカテゴリ分類（直線距離/人気ロケーション/観光スポット/エリア/空港・鉄道駅）、右ペインに各ロケーション候補とユーザー選択率（%）を表示する2カラム構成のボトムシート型フィルターUIで、選択率上位3件のみパーセンテージがカラー強調されている。,
03128f99-d23b-4cfc-ac58-6224fb250d48.webp,Trip.com,カレンダー,宿泊旅行,カレンダー式,"ネイビー (#1B2B5E), ブルー (#2563EB), レッド (#EF4444), オレンジ (#F97316), ホワイト (#FFFFFF)","日付・時間選択, ツールチップ, バナー・アラート, ボタン, ツールバー, タグ・ラベル","購入・予約, 選択",パーシャルステート,中,チェックイン日（7月10日水曜）が青いハイライトで選択済みの状態で、ツールチップによりチェックアウト日の選択を促すステップ型日付選択UIが実装されており、画面下部には現地時間の注意バナーとチェックイン・チェックアウトのサマリーが固定表示されている。,
0c78ec87-5024-408d-b642-7b9918cc49e6.webp,Trip.com,ホーム,旅行,グリッド/カード式,"ブルー (#1A4FD6), ホワイト, イエロー, ピンク","検索フィールド, ボトムナビ, カード, カルーセル, バナー・アラート, タグ・ラベル, バッジ, アバター, ツールバー",検索,通常状態,高,上部に検索バーと履歴サジェスト、中段に8カテゴリのアイコングリッドナビゲーション、下段に4つのショートカットリンクとプロモーションカルーセル・バナーカードを組み合わせた多層構造のホーム画面。,
120cf62c-01c6-4bf5-975f-85a080eea6c5.webp,Trip.com,検索,旅行,リスト式,"ネイビー, ホワイト, グレー","検索フィールド, リスト, ツールバー, タグ・ラベル",検索,通常状態,中,検索フィールドがアクティブな状態で、ホテル・観光スポット・テーマパーク等が混在した検索履歴または候補リストが国名・地域名のサブテキスト付きで縦一列に表示されている。,
23e693fd-0e08-45cf-ae8d-22b0d23abfd9.webp,Trip.com,検索,旅行,グリッド,"白, ブルー, グレー","検索フィールド, カード, リスト, ツールバー",検索,通常状態,中,検索フィールドの下に現在地オプションと人気目的地6件（東京・ソウル・大阪・福岡・京都・札幌）を2列グリッドのサムネイル付きカードで表示している。,
2636431a-4159-4537-a84e-38c8cb3f65fe.webp,Trip.com,口コミ・レビュー,旅行,リスト式,"ホワイト, ブルー (#0D6EFD), ベージュ (通知バー背景)","テキストフィールド, ボタン, チェックボックス, カルーセル, タグ・ラベル, バナー・アラート, ツールバー","作成, 編集, レビュー・評価, シェア",パーシャルステート,中,旅行写真の投稿作成画面で、タイトル・本文・ハッシュタグ・位置情報の入力欄が縦一列に並び、LV4ミッション報酬バナーと文字数カウンターによる推奨マーク獲得の促進UIが上下に配置されている。,
3262c103-5905-48c2-abe3-ec7ecdc5a659.webp,Trip.com,口コミ・レビュー,旅行,全画面,"白, 青(#2B6BDD), グレー","テキストフィールド, ボタン, カルーセル, バナー・アラート, ツールバー, タグ・ラベル",作成,パーシャルステート,中,画像サムネイル選択エリア・タイトル入力・本文入力プレースホルダーが縦に配置され、日本語フリック入力キーボードが画面下半分を占有している投稿作成画面,
351beb97-a931-453f-b33e-68e0ac911f88.webp,Trip.com,ランキング,旅行,カード式,"ホワイト, ブルー, ピンク/レッド, ゴールド","ボタン, タブ・セグメントコントロール, 検索フィールド, ドロップダウン, カード, カルーセル, タグ・ラベル, バッジ, レーティング, ツールバー","検索, フィルタ・並び替え, 選択",通常状態,高,出発地・期間のドロップダウン選択、地域カテゴリのカルーセル、都市タグのフィルター行、順位バッジ付きホテルカードが縦列で構成され、各カードに評価スコア・口コミ数・価格・値下がり情報が集約されている。,
35444849-4d36-489f-8588-18fe5f55391b.webp,Trip.com,口コミ・レビュー,旅行,リスト式,"ホワイト, ネイビーブルー, ブルー(#0066CC), ライトイエロー(バナー背景)","テキストフィールド, ボタン, チェックボックス, バナー・アラート, タグ・ラベル, カルーセル, ツールバー, リスト","作成, レビュー・評価, シェア",パーシャルステート,高,写真2枚アップロード済み・タイトル・本文・タグ・スポット位置情報・利用規約同意チェックボックスを1画面に縦積みしたUGC投稿フォームで、LV4ミッション報酬バナーをページ上部に固定表示している,
4be5c66a-72dc-4591-996f-b415585f925c.webp,Trip.com,口コミ・レビュー,旅行,全画面,"ブルー (#1A56DB), ホワイト (#FFFFFF), グレー (#F2F2F7)",テキストフィールド/ボタン/カルーセル/タグ・ラベル/ツールバー,作成/編集,通常状態,低,投稿画像のサムネイル選択エリア・タイトル・本文テキストフィールドと日本語キーボード（絵文字・テンプレート選択・タグ追加機能付き）が一画面に統合された旅行メモリー投稿作成UIで、推奨文字数188字のインセンティブ表示を備えている。,
4f5ed478-9f31-454b-8452-09ea58734e5d.webp,Trip.com,クーポン・リワード,旅行,カード式,ブルー（#1B4FD8）、ピンク（#FF4F7B）、ホワイト,"ボタン, カード, バナー・アラート, タグ・ラベル, カルーセル, ツールバー, リスト",選択,通常状態,中,ウェルカムパック画面にホテル割引クーポン（8%・20%オフ）、航空券向けカード優待クーポン、会員ランク特典（シルバー・ゴールド）の3セクションが縦に並んで構成されている。,
4fec105e-c40e-45b7-a37c-bb23214666f3.webp,Trip.com,クーポン・リワード,旅行,カード式,ブルー（#3B5BDB系）、ホワイト、ゴールド,"カード, バナー・アラート, リスト, タグ・ラベル, ツールバー",オンボーディング,通常状態,中,会員ランク（シルバー・ゴールド・プラチナ・ダイヤモンド）ごとの特典内容を4枚のカードで縦並びに比較表示し、各カードに対応するランクアイコンを右端に配置している。,
501859fc-8903-4045-b15a-66e5e093c745.webp,Trip.com,タイムライン・履歴,旅行,カード式,"白, 紺青, 青","検索フィールド, カード, アバター, タグ・ラベル, ツールバー, リスト",検索,通常状態,中,旅行ブログ記事を3件縦並びに表示し、各カードにサムネイル画像・タグ・概要文・著者アバター・投稿日・閲覧数・いいね数を含む構成となっている。,
51edc1f0-0c86-47b6-8a60-a11d42f93b0b.webp,Trip.com,検索,旅行,カード式,"ブルー (#3D5AF1), ホワイト, ダークネイビー, イエロー（プロモーション）","検索フィールド, ボタン, 日付・時間選択, ステッパー, カード, バナー・アラート, タグ・ラベル, カルーセル, アバター, ツールバー, バッジ","検索, 購入・予約",通常状態,中,目的地入力・日程・人数・フィルタを1カード内に集約した検索フォームを上部に配置し、その下に新規会員クーポン・GWキャンペーンバナー・ホテル割引セクションを縦に並べた構成。,
562ad409-e717-47de-814e-8963ddf8c9a6.webp,Trip.com,カレンダー,宿泊旅行,カレンダー形式,"ネイビーブルー (#1A3A6B), ロイヤルブルー (#3D5AFE), ライトブルー (#E8EAF6), ホワイト (#FFFFFF), オレンジレッド (#FF5252)","ボタン, 日付・時間選択, ツールチップ, バナー・アラート, タグ・ラベル, ツールバー","購入・予約, 選択",通常状態,中,チェックイン(7/10)・チェックアウト(7/14)の2点選択式カレンダーで、選択範囲をハイライト表示し、ツールチップで泊数(4泊)を即時フィードバック、画面下部に現地時間の注意喚起バナーと確定ボタンを固定配置している。,
5d2cecb1-b053-4bd2-ab15-aced18a72fa8.webp,Trip.com,フィルタ・並び替え,旅行,リスト式,"ネイビー, ホワイト, グレー, オレンジ（アイコン）","検索フィールド, リスト, タグ・ラベル, ツールバー, バッジ","選択, 作成",通常状態,中,ハッシュタグ一覧を投稿件数付きでリスト表示し、トレンドタグには🔥アイコンを付与して視覚的に区別している。,
63f9ce92-b8f8-447d-ba7d-e17f548fa286.webp,Trip.com,プロモーション,旅行,カード式,"青, 黄, 白, ピンク・赤","バナー・アラート, カード, タブ・セグメントコントロール, ボタン, タグ・ラベル, レーティング, カルーセル, ツールバー",購入・予約,通常状態,高,GWセール限定の国内ホテルをカード形式で縦並びに表示し、各カードに割引率バッジ・元値・割引後価格・レビュー件数・評価スコア・施設特徴タグを一括掲載している。,
66e9d969-fb4a-4232-8344-a147da293f5c.webp,Trip.com,その他,旅行,リスト式,"ネイビー (#1E2D5A), ホワイト (#FFFFFF), ライトグレー (#F0F1F7), ブルー (#2D4E9E)","ボタン, リスト, カード, バナー・アラート, ツールバー","作成, 選択",通常状態,中,投稿用テンプレート選択画面で「単一のテンプレート」と「統合テンプレート」の2カテゴリに分類され、営業時間・雰囲気・所在地・価格・旅程管理などの単体項目カードと、食事/ホテルガイド・目的地ガイドなどの複合項目カードが上部のLV4ミッション報酬バナーとともに縦スクロール形式で提示されている。,
6758a7c6-38cb-433f-b128-bc60314ebd81.webp,Trip.com,プロモーション,観光/レジャー,グリッド,"イエロー, ピンク, ホワイト","ボタン, カード, タグ・ラベル, バッジ, ツールバー","選択, 作成",通常状態,中,各カードに200Tのリワードバッジ・ハッシュタグカテゴリ・投稿数の進捗（現在数/上限数）が表示され、ピンクの投稿CTAボタンが配置された2列グリッドレイアウトで構成されている,
6ef2bfb4-5c44-40b2-b4ac-8a4ff162e36b.webp,Trip.com,検索,旅行,グリッド,"ホワイト, ネイビー, ブルー, ピンク","検索フィールド, バナー・アラート, タグ・ラベル, カード, タブ・セグメントコントロール, ツールバー",検索,通常状態,中,閲覧履歴タグ・さくらプロモーションバナー・国内／海外タブ切替・3列グリッドの都市カード一覧が縦に並ぶ構成になっている。,
7adccf59-7a4f-4042-a2ff-2d84351ac869.webp,Trip.com,コンテンツ詳細,外食,カード式,"ホワイト, ネイビー, ブルー, オレンジ","ボタン, レーティング, ページコントロール, タグ・ラベル, バッジ, カルーセル, リスト, カード, ツールバー",購入・予約,通常状態,高,ヒーロー画像上部にページ枚数（1/73）を表示し、店舗評価・営業時間・住所・アワード受賞情報・人気メニュー画像・TableCheck連携予約ボタンを縦スクロール形式で一画面に集約している。,
7b0017d4-410c-4a6c-8099-b2230622254b.webp,Trip.com,検索結果,旅行/外食,カード式/リスト式,"ブルー(#1A4FBA), ホワイト, ゴールド","検索フィールド, ドロップダウン, カード, カルーセル, タグ・ラベル, バッジ, レーティング, ツールバー, リスト, ボタン","検索, フィルタ・並び替え",通常状態,高,上部にカルーセル形式のおすすめセクションと予約可能店舗カード、下部にフィルター付きリスト形式の検索結果が縦に並ぶ二層構造レイアウトで、各店舗にTripGourmetAwardsバッジ・評点・価格・予約可否・口コミ抜粋が集約表示されている。,
80baf49f-7572-47a4-9100-eb511adb8c91.webp,Trip.com,ホーム,旅行,カード式,"ネイビー, ティール, ホワイト, ピンク","検索フィールド, タブ・セグメントコントロール, バナー・アラート, カード, カルーセル, タグ・ラベル, バッジ, レーティング, アバター, ツールバー","検索, 選択",通常状態,高,ヒーローイメージ背景に検索バーとカテゴリアイコンナビを重ねた上部構成の下に、プロモーションバナー・人気スポットランキングカルーセル・人気宿泊施設カルーセルを縦積みで配置している。,
8209ebcb-6e3c-4847-8528-292436474370.webp,Trip.com,ホーム,旅行,カード式,"ブルー(#1B4FE4), ホワイト, イエロー, レッド","検索フィールド, ボトムナビ, タグ・ラベル, カード, バナー・アラート, カルーセル, バッジ, アバター, ツールバー, リスト",検索,通常状態,高,上部にカテゴリアイコングリッド（ホテル・航空券・列車等8種）、中段にキャンペーン等4つのショートカット、下部にプロモーションバナーと動画コンテンツを組み合わせた多層構造のホーム画面。,
8b47ae8c-547b-4895-ad9d-c6b9925e3988.webp,Trip.com,フィルタ・並び替え,旅行,リスト式,"ネイビーブルー, ホワイト, オレンジ","スライダー, ボタン, タグ・ラベル, チェックボックス, ツールバー, バッジ",フィルタ・並び替え,通常状態,中,価格帯スライダーと定額レンジボタン、ホテルランク（星数・ラグジュアリー区分）、顧客評価の3カテゴリを縦積みで構成し、複数選択状態（3〜5星が選択済み）をチェックマーク付きカードで視覚的に示している。,
92915be4-920f-4827-84aa-6c3cefaf03ed.webp,Trip.com,フィルタ・並び替え,旅行,リスト式,"ネイビーブルー, ホワイト, ゴールド","ボトムシート, タグ・ラベル, バッジ, ラジオボタン, ツールバー, リスト, カード, ボタン",フィルタ・並び替え,通常状態,中,ボトムシート形式の並べ替えパネルが検索結果画面の上に重なって表示されており、現在選択中の「Trip.comおすすめ」にチェックマークが付き、5種類のソートオプションがリスト形式で提示されている。,
971f3091-daa8-43e7-a6c4-0e1f72868f44.webp,Trip.com,設定,旅行,リスト式,"ネイビー, ブルー, ホワイト, ライトグレー","リスト, ツールバー, タグ・ラベル","選択, 設定変更",通常状態,中,「おすすめ」セクションにJPY（チェック済み）を固定表示し、その下に通貨一覧をアルファベット順で並べた2セクション構成のモーダル画面。,
9b19e0a9-cb47-4b44-b4d0-5338353c1dc2.webp,Trip.com,検索結果,旅行,カード式,"ホワイト, ブルー, オレンジ, ピンク・レッド","ボタン, レーティング, 検索フィールド, カード, タグ・ラベル, バッジ, ツールバー, リスト, フロートボタン","検索, フィルタ・並び替え, 購入・予約",通常状態,高,ホテルカードごとに元値・割引率・税込合計金額・口コミ評価・立地・キャンセルポリシー・食事条件を一括表示し、おすすめタグフィルターを横スクロールで提供する構成になっている。,
9b8b58c1-3552-476d-b341-3fcf6cc7ac19.webp,Trip.com,検索,旅行,リスト式,"ホワイト, ネイビーブルー, グレー","検索フィールド, ボタン, リスト, タグ・ラベル, ツールバー, カルーセル","検索, 作成, 編集",通常状態,中,"「京都」キーワードに対するハッシュタグ候補（#京都1,903件〜#京都ホテル200件）が投稿数付きリストで表示され、上部には選択済み写真のサムネイルカルーセルと日本語フルキーボードが同時展開されている投稿タグ追加モーダル画面。",
a03f15a5-8b7c-4a10-be0e-d5bf5b4c497d.webp,Trip.com,フィルタ・並び替え,旅行,リスト式,"ネイビー, ホワイト, ブルー","ボタン, タグ・ラベル, ツールバー, シート",フィルタ・並び替え,通常状態,中,ホテルブランド・割引・支払い方法・予約条件の4カテゴリをセクション分けしたボトムシート型フィルターUIで、各項目はタグボタン形式で選択可能、下部に結果件数（300+）を表示する固定CTAボタンを配置している。,
a443bbc4-c030-4cf5-a0b8-5f2c1c72802c.webp,Trip.com,ホーム,旅行,カード式,ホワイト、オレンジ、ダークグレー,検索フィールド、カード、アバター、タグ・ラベル、ボトムナビ、バッジ、ツールバー,検索,通常状態,高,2カラムの非均等グリッドレイアウトで、ホテル紹介・グルメ・体験・プロモーションなど複数カテゴリのコンテンツカードが混在表示され、各カードに投稿者アバター・閲覧数・タグが付与されている。,
a9fc77ee-7ccd-496c-a194-b1a56f447090.webp,Trip.com,プロモーション,旅行,カード式,"ピンク (#F48FB1系), 白, 濃いピンク (#C2185B系), 水色","ボタン, タブ・セグメントコントロール, マップ, バナー・アラート, タグ・ラベル, ツールバー",該当なし,通常状態,中,日本地図上に主要都市ごとの桜満開予想日をピン形式で表示し、タブ切替で最新情報・特典とさくら限定サービスを使い分ける季節限定プロモーション画面。,
ad99f94d-362b-4c52-8519-69d0366ada25.webp,Trip.com,ホーム,旅行,カード式,"白, 青緑, ピンク, オレンジ","検索フィールド, カード, カルーセル, バナー・アラート, タグ・ラベル, バッジ, アクションシート, ツールバー, タブ・セグメントコントロール, ボタン","検索, 選択",通常状態,高,京都の観光情報ページ上に「更に表示」ボトムシートが重なり、遊び・体験/レストラン/ショッピング/旅のブログ/Tripメモリー/レンタカーの6カテゴリアイコンをグリッド表示している。,
b0ce649c-9992-439a-a83f-a6a637f6c511.webp,Trip.com,ランキング,旅行,カード式,"ネイビーブルー, ホワイト, ゴールド, レッド","カード, タブ・セグメントコントロール, レーティング, バッジ, タグ・ラベル, ツールバー, リスト","検索, 選択",通常状態,高,横スクロール可能なカテゴリタブ（豪華/ファミリー/絶景等）と番号付きランキングバッジを組み合わせ、各ホテルカードに評価・価格・ロケーション・ハッシュタグ特徴を一括表示する構成になっている。,
b184ee15-73ee-4456-a51a-975a51fbd9bc.webp,Trip.com,検索,旅行,カード式,"白, 青, ピンク, オレンジ","バナー・アラート, カルーセル, カード, タグ・ラベル, リスト, ツールバー","検索, 購入・予約",通常状態,中,新規会員クーポンパック・GWセールバナー・ホテル割引・予約履歴・サービス強み説明を縦スクロール型カードで段階的に配置した構成,
b1aeed49-b759-475b-8701-179fc3676db8.webp,Trip.com,ホーム,旅行,カード式,"ダークブルー (#1B3A6B), ロイヤルブルー (#2E5BFF), ホワイト (#FFFFFF), レッド (#E8344E)","ボタン, 検索フィールド, ダイアログ, カード, バナー・アラート, タグ・ラベル, ボトムナビ, ツールバー, バッジ, カルーセル, アバター",該当なし,通常状態,中,"新規会員向けの「最大10,000円オフ」限定割引クーポン取得を促すモーダルダイアログが画面中央に重なって表示されており、背景のホーム画面（カテゴリアイコン・宿泊施設画像）はグレーアウトされている。",
b48a4f79-f218-4968-ba0d-570c0c9b8abb.webp,Trip.com,ホーム,旅行,カード式,"ネイビー, ゴールド, ホワイト, オレンジ","検索フィールド, タブ・セグメントコントロール, カード, カルーセル, レーティング, タグ・ラベル, バッジ, ツールバー",検索,通常状態,高,「人気の宿泊施設」「おすすめのグルメ」「ナイトライフ」の3セクションをカテゴリフィルタ付きの横スクロールカルーセルで構成し、Trip.Bestランキング順位・評価スコア・口コミ件数を各カードに表示している。,
bebdeee9-e27f-4bbd-990f-24eab6dae546.webp,Trip.com,ランキング,旅行,リスト式,"ネイビー, ホワイト, ゴールド, レッド","ツールバー, シート, リスト, タグ・ラベル, バッジ",該当なし,通常状態,中,ボトムシート形式でランキング詳細説明を表示し、Trip.Bestの定義・更新頻度・対象範囲を番号付きリストで3セクションに分けて構造化している,
c15cbef1-4387-4a98-bcb5-df84bac34173.webp,Trip.com,検索,旅行,カード式,"ブルー (#3D5AFE系), ホワイト, ゴールド/イエロー, グレー","検索フィールド, ボタン, 日付・時間選択, ステッパー, カード, カルーセル, タグ・ラベル, バッジ, レーティング, アバター, ツールバー","検索, 購入・予約",通常状態,中,検索条件入力フォーム（目的地・日程・人数・ランク）を上部に集約し、その下に新規会員クーポンバナーと絶景ホテルランキングカルーセルを配置した縦スクロール構成になっている。,
cff4fe42-1ba0-4f2c-9d66-402c9d9b27cc.webp,Trip.com,検索,旅行,リスト式,"ブルー (#003580), ホワイト, グレー","検索フィールド, リスト, カード, タグ・ラベル, ボタン, ツールバー",検索,通常状態,中,検索キーワード『ダナン』に対し、人気目的地を選択率付きの2×2グリッドカードで提示し、その下にホテル・ファミリー・空港・ホテル名などのサジェストをリスト表示する構成になっている。,
d6c6fac2-11b8-47ac-8e8d-26afa9c2f5a8.webp,Trip.com,プロモーション,旅行,カード式,"ミントグリーン, ネイビー, オレンジ, ホワイト","ボタン, タブ・セグメントコントロール, カード, タグ・ラベル, レーティング, 日付・時間選択, リスト, バナー・アラート, ツールバー","検索, 購入・予約",通常状態,高,「2024 GW旅セール」特集ページとして、国内外の地域フィルターボタンと都市選択ボタンを上部に配置し、日付選択・割引率・元値と割引後価格を含むホテルカードを縦スクロール形式で表示する構成になっている。,
d846264f-9622-4683-ab03-523e0ad7024c.webp,Trip.com,検索,旅行,カード式,"ネイビー, ブルー, ホワイト, ゴールド","検索フィールド, ボタン, タグ・ラベル, カード, カルーセル, レーティング, 日付・時間選択, バッジ, アバター, ツールバー","検索, フィルタ・並び替え, 購入・予約",通常状態,高,検索条件（目的地・日程・人数・価格帯・星評価）を1画面にまとめたフォームと、その下にランキング形式のホテルカルーセルを組み合わせた構成になっている。,
ddc09c75-8c32-45d3-a286-52f7575d3e45.webp,Trip.com,コンテンツ詳細,旅行,カード式,"白, 青, ダークネイビー","ボタン, ダイアログ, カード, カルーセル, レーティング, タグ・ラベル, バッジ, ツールバー",購入・予約,通常状態,中,レストラン詳細画面上に、外部予約サービス「TableCheck」へのリダイレクト確認モーダルダイアログが重なって表示されており、戻るボタンとOKボタンの2択で遷移を制御する構成になっている。,
eb15a39a-bf78-45e3-a81f-7a9ad65429b4.webp,Trip.com,ランキング,旅行,リスト式,"ゴールド/ブラウン/#8B6914, ホワイト/#FFFFFF, ダークネイビー/#1A2B4A","ボタン, タグ・ラベル, バッジ, レーティング, カード, タブ・セグメントコントロール, ドロップダウン, ツールバー, バナー・アラート","検索, フィルタ・並び替え, 選択",通常状態,高,「Trip.Best」ブランドのヘッダービジュアルの下に、カテゴリタブ・サブカテゴリフィルター・エリア/カテゴリードロップダウンを重層的に配置し、ランキング番号バッジ・評点バッジ・星評価・価格・ロケーション情報を各ホテルカードに集約したリスト構成になっている。,
ec886494-0b3e-4082-a981-d9b6cfa04532.webp,Trip.com,検索結果,旅行,カード式,ブルー（#1B4FD8系）、ホワイト、ゴールド（星評価）、ピンク・レッド（割引表示）,"ボタン, タグ・ラベル, バッジ, カード, リスト, 検索フィールド, ドロップダウン, ツールバー, レーティング, バナー・アラート","検索, フィルタ・並び替え",通常状態,高,検索結果カードに宿泊施設名・星評価・スコア・口コミ数・エリア・キャンセルポリシー・食事条件・ランキング順位・会員割引価格・合計金額を一枚に集約して表示している,
fe2cb50a-e267-4ad2-aa54-8e8d70e45267.webp,Trip.com,口コミ・レビュー,旅行,カード式,"ブルー (#0066CC), ホワイト (#FFFFFF), オレンジ (#F5A623), グレー (#F5F5F5)","ボタン, レーティング, アバター, カード, リスト, タグ・ラベル, バッジ, ツールバー","レビュー・評価, シェア",通常状態,高,観光スポット（中央大街）の旅行者投稿レビュー画面で、翻訳機能付きテキスト・スポットカード・いいね／コメント／ハート数のエンゲージメント指標・返信テンプレート絵文字が縦方向に一画面に集約されている。,
febc5012-0555-420c-8976-59d95a9ae556.webp,Trip.com,検索結果,旅行,リスト式,"ネイビー, ブルー, ホワイト, ピンク/レッド（バッジ）","ドロップダウン, タブ・セグメントコントロール, タグ・ラベル, バッジ, リスト, カード, チェックボックス, レーティング, ツールバー","検索, 選択, 購入・予約",通常状態,高,出発地・期間のフィルタ上部に地域カテゴリタブと都市チップを配置し、フライト最安値カレンダーリストとホテルランキングカードを1画面内に縦積みで同時表示する構成になっている。,
ff3f5229-229e-4409-a57f-d0740e020bba.webp,Trip.com,フィルタ・並び替え,宿泊旅行,リスト式,ブルー（#3D5AFE系）、ホワイト、ライトグレー,ボタン、ステッパー、バナー・アラート、ツールバー,フィルタ・並び替え、選択、購入・予約,通常状態,低,客室数・大人・子供の3項目をステッパー（＋／－ボタン）で数値入力するモーダル画面で、最小値に達した項目のマイナスボタンはグレーアウトで非活性表示されている,
ffed4aa2-9005-4fb2-8336-e443275b4b48.webp,Trip.com,検索結果,旅行,カード式,"ブルー (#1B5EBE), ホワイト, ゴールド, ダークグレー","検索フィールド, ドロップダウン, タグ・ラベル, バッジ, カード, アバター, レーティング, ツールバー, リスト","検索, フィルタ・並び替え",通常状態,高,各レストランカードにTrip Gourmet Awardsのランク（ブラックダイヤモンド/プラチナ/ダイヤモンド）、評価スコア、口コミ件数、価格帯、ジャンル、予約可否タグ、ユーザーレビュー抜粋が一枚のカード内に集約されている。,
01bc6905-60d5-412c-8612-a72fb0de8e4c.webp,Trip.com,購入・予約,旅行,リスト式,ダークブルー（#1A3A8F）、ホワイト、ティールグリーン（チェックアイコン）、ブルー（強調テキスト）,ツールバー/バナー・アラート/アコーディオン/リスト/タグ・ラベル/シート/バッジ,キャンセル・返金,通常状態,中,キャンセル済み予約画面上にボトムシートとして返金明細が重なって表示され、返金ステータスを2段階のタイムライン形式（受付済み→返金手続き中）で可視化している。,
0593c966-0955-4118-82fc-722e26e6dd3c.webp,Trip.com,購入・予約,宿泊旅行,リスト式,ブルー（#3D5AFE系）、ホワイト、グレー,"ラジオボタン, ボタン, バナー・アラート, リスト, ツールバー, タグ・ラベル",キャンセル・返金,通常状態,中,無料キャンセル可能であることをヘッダーで強調し、キャンセル理由をラジオボタンで選択させる構成で、選択肢「日付や目的地を間違えて予約してしまった」選択時にキャンセル回避を促す「予約を変更」ボタンが inline で展開される。,
06db394e-d383-4bac-9e4f-93a6a0549322.webp,Trip.com,口コミ・レビュー,宿泊/旅行,リスト式,ブルー（#1A6FE8）、ホワイト、オレンジ（バナー）、グレー,ボタン、アバター、レーティング、タグ・ラベル、バッジ、リスト、カード、バナー・アラート、ツールバー,レビュー・評価,通常状態,高,ホテル側の返信セクション・認証済み会員バナー・ゲストレビュー（5段階評価・宿泊タイプ・旅行目的・複数添付写真）が縦に積層配置され、固定CTAボタン「客室タイプを選択」が画面下部に常時表示されている。,
08b283ff-a6e0-458a-bacb-712fc716719a.webp,Trip.com,検索結果,旅行,カード式,青（#3D4EF5）、白、赤（価格強調）,ボタン/ドロップダウン/タグ・ラベル/カード/レーティング/バッジ/ツールバー/シート/フロートボタン,検索/選択/購入・予約,パーシャルステート,高,検索条件編集用のモーダルシートが検索結果リストに重なって表示されており、日程・人数・検索ボタンを1画面で確認・変更できる二重レイヤー構造になっている。,
0c22acd9-6aac-4489-a8d9-67c761f3f244.webp,Trip.com,口コミ・レビュー,旅行,リスト式,ブルー（#0057FF系）、ホワイト、グレー,"レーティング, カード, ページコントロール, タグ・ラベル, ドロップダウン, アバター, ボタン, リスト, ツールバー, バッジ","レビュー・評価, フィルタ・並び替え",通常状態,高,総合評価スコアとカテゴリ別スコア（清潔度・サービス・設備・ロケーション）の数値表示に加え、AIによる口コミ要約カードをページ上部に配置し、フィルタ・並び替えUIとユーザー投稿レビューリストを組み合わせた構成になっている。,
0f52c8c6-1982-48b7-9506-3e91318e81b4.webp,Trip.com,コンテンツ詳細,旅行,タブ切替,"ネイビーブルー (#1A3A6B), ロイヤルブルー (#4169E1), ホワイト (#FFFFFF), ライトグレー (#F5F5F5)","ボタン, タブ・セグメントコントロール, テーブル, リスト, タグ・ラベル, ツールバー",購入・予約,通常状態,中,ホテルの利用規約ページがタブ切替形式で構成され、チェックイン・チェックアウト時間・子供利用条件・ベビーベッド料金をテーブルとリストで整理し、固定フッターの「客室タイプを選択」CTAボタンへ誘導する設計になっている。,
20aa00e2-eedb-4993-98ce-2af6bed5b4e7.webp,Trip.com,タイムライン・履歴,旅行,リスト式,"ネイビー, ホワイト, ブルー","ボタン, タグ・ラベル, リスト, カード, ツールバー","キャンセル・返金, 購入・予約",通常状態,中,予約完了・キャンセル済みのステータスをタグで色分け区別し、ホテル・鉄道・航空券・パッケージの複数カテゴリの予約履歴を時系列で一覧表示している。,
25182b15-ff53-44ee-b11e-4acbe2675c99.webp,Trip.com,購入・予約,旅行,カード式,"ネイビーブルー (#1a2b6b), ホワイト (#ffffff), シアンブルー (#0d6efd), ティール (#00bcd4)","ボタン, タグ・ラベル, カード, シート, タブ・セグメントコントロール, ツールバー, バナー・アラート, リスト","購入・予約, キャンセル・返金",通常状態,中,予約完了画面上にボトムシートとしてキャンセル条件が重なって表示されており、「ホテルの現地時間」と「お客様の現地時間」のタブ切替でキャンセル無料期限（2024年10月7日18:00まで）と払い戻し不可条件をタイムライン形式で提示している。,
2e7f07d2-f0b0-417f-a120-7a0603747e88.webp,Trip.com,コンテンツ詳細,宿泊旅行,リスト式,"ネイビー, ホワイト, ブルー（アクセント）","タブ・セグメントコントロール, カルーセル, リスト, ボタン, タグ・ラベル, バッジ, ツールバー",選択,通常状態,高,ホテルの設備・アメニティをカルーセル形式の写真ギャラリーと2カラムのアイコン付きリストで構成し、有料・無料のタグラベルで費用情報を補足しながら「全て表示」ボタンで情報量を制御している,
341093a2-1352-4b98-97a8-6cfa20d42834.webp,Trip.com,購入・予約,旅行,シート,"ネイビー, ホワイト, オレンジ","ツールバー, バナー・アラート, リスト, シート","購入・予約, キャンセル・返金",通常状態,低,"ボトムシート形式でキャンセル・変更条件のみを表示し、無料キャンセル期限（ホテル現地時間2024年10月7日18:00）とペナルティ金額（63,428円）の2項目に情報を絞った構成になっている。",
3d9c7b45-c5b4-4656-afdd-e79f7a808389.webp,Trip.com,コンテンツ詳細,旅行,タブ切替,"ネイビーブルー (#1A3A6B), ホワイト, グレー","タブ・セグメントコントロール, テーブル, リスト, タグ・ラベル, ボタン, ツールバー",購入・予約,通常状態,中,「ご利用条件」タブ内に年齢別追加料金テーブル・朝食・ペット・年齢要件・支払い方法（5ブランドロゴ）をセクション分割して縦積みで表示し、最下部に固定CTAボタンを配置している。,
4b4d2758-d37b-4dbd-90c0-1ade979a955c.webp,Trip.com,フィルタ・並び替え,宿泊旅行,リスト式,"ネイビー, ブルー, ホワイト, グレー","ボタン, ドロップダウン, リスト, シート, タグ・ラベル, ツールバー","フィルタ・並び替え, 選択",通常状態,中,価格表示単位の選択ドロップダウンが展開された状態で、「1泊1室あたり（税サ込）」と「全泊分の料金（税サ込）」の2択が表示され、現在選択中の項目にチェックマークが付いている。,
4cbe2500-53a7-4dbd-a367-0c988c50c910.webp,Trip.com,コンテンツ詳細,旅行,タブ切替,"白, ネイビー, 青","ボタン, タブ・セグメントコントロール, ツールバー, カード, カルーセル, タグ・ラベル, レーティング, リスト, バッジ",購入・予約,通常状態,中,ホテル周辺の交通機関情報・衛生対策スコア・類似ホテルのカルーセルを縦スクロール形式で1画面にまとめ、画面下部に固定された割引価格と予約CTAボタンを常時表示している。,
4d50b32f-e8a7-47c7-bf52-8f92828ff1e3.webp,Trip.com,購入・予約,旅行,リスト式,"ダークネイビー(#1a237e), ホワイト(#ffffff), ブルー(#1565c0)","ボタン, シート, アクションシート, リスト, バッジ, ツールバー, タグ・ラベル","購入・予約, キャンセル・返金, 編集",通常状態,,予約完了画面上にボトムシート形式の「その他の手続き」メニューがオーバーレイ表示され、予約変更・電子領収書・確認メール再送・再度予約の4つのアクションボタンと、グレーアウトされた口コミ投稿ボタンが縦並びで配置されている,
57938bea-5864-4571-9de0-03cfa56d3e06.webp,Trip.com,フィルタ・並び替え,宿泊旅行,リスト式,"ネイビー, ホワイト, ブルー(#4C6EF5系), グレー","ボタン, タグ・ラベル, ドロップダウン, シート, ツールバー",フィルタ・並び替え,通常状態,低,ボトムシート形式で価格・食事・ベッドタイプ・予約条件・支払い方法の5カテゴリをタグ選択UIで構成し、最下部に固定の「結果を表示」CTAボタンを配置している。,
65143633-55ba-46f2-aa87-5adf1ccfe8a8.webp,Trip.com,購入・予約,旅行,リスト式,"ダークブルー(#1B3A7A), ホワイト, ゴールド/イエロー, レッド","ボタン, シート, アコーディオン, タグ・ラベル, バッジ, ツールバー, リスト, ドロップダウン",購入・予約,通常状態,中,"ボトムシート形式の料金明細モーダルが前面に重なり、室料・税金・早期割引・初回割引・クーポンの5項目を積み上げ表示し最終支払額63,428円を強調している",
6b9dea09-da81-42ab-acc4-a6ad7acc5b4d.webp,Trip.com,コンテンツ詳細,旅行,カード式,"ネイビーブルー, ホワイト, ゴールド, グリーン","ボタン, タブ・セグメントコントロール, レーティング, カード, マップ, タグ・ラベル, バッジ, ツールバー, リスト","購入・予約, 選択",通常状態,高,ホテル詳細画面にて、航空写真のヒーローイメージ上部にカテゴリタブを配置し、評価・住所・アクセス・設備・価格・チェックイン情報を縦スクロール型カードに集約した構成。,
71697785-073b-4490-9970-e3d371957155.webp,Trip.com,購入・予約,旅行,カード式,ブルー（#1A6FFF系）、ホワイト、オレンジ,ボタン、カード、リスト、アコーディオン、タグ・ラベル、バッジ、ツールバー、アバター,購入・予約、キャンセル・返金,通常状態,中,予約完了後の画面として、旅程進捗インジケーター（22%）・Trip Coinsリワード表示・FAQ形式カスタマーサポート・予約評価フィードバック・キャンセル／管理の二択CTAボタンが縦に並んで構成されている。,
71763934-50a4-43a0-8f01-4fe4d23e40eb.webp,Trip.com,コンテンツ詳細,旅行,タブ切替,ホワイト/#1E4D9B（ネイビーブルー）/#4A90D9（ライトブルー）/#F5F5F5（ライトグレー）,ボタン/タブ・セグメントコントロール/テーブル/リスト/タグ・ラベル/ツールバー,購入・予約,通常状態,高,チェックイン・チェックアウト時間、お子様条件、ベビーベッド・エキストラベッド料金をセクション分けして縦スクロール形式で表示し、画面下部に割引価格と予約CTAボタンを固定配置している。,
7bdf1fba-9cf8-4fc1-8a4b-02b19ad47832.webp,Trip.com,購入・予約,旅行,カード式,"ブルー(#2B5CE6), ホワイト, ピンク/レッド(アクセント)","ボタン, カード, リスト, バナー・アラート, タグ・ラベル, ツールバー","購入・予約, キャンセル・返金, 招待",ローディングステート,中,予約確認処理中の状態を示すステータス画面で、予約番号・PINコード・支払い金額・キャンセル期限・ホテル詳細・チェックイン時刻が1画面に集約され、友人招待リワードの導線も同時に配置されている。,
84544650-3e2e-4b5a-83f7-511e0184a4dc.webp,Trip.com,支払い方法,旅行,カード式,ブルー（#1D72E8）、オレンジ（#FF6B00）、ホワイト、ライトグレー,"ボタン, スイッチ・トグル, ラジオボタン, カード, タグ・ラベル, ツールチップ, バナー・アラート, ツールバー",購入・予約,通常状態,中,カウントダウンタイマー付きの決済画面に、Trip Coinsによる割引適用トグルとツールチップ通知、複数の支払い手段（クレジットカード・Apple Pay・ギフトカード）が縦積みカードで構成され、画面下部に固定CTAボタンとコイン使用促進バナーが同時表示されている。,
8577420d-0af9-4cc8-83f4-10324ee204f4.webp,Trip.com,購入・予約,旅行,リスト式,"ネイビーブルー (#1B3A8F), ホワイト, シアン/ティール, ゴールド","ボタン, タグ・ラベル, アコーディオン, バナー・アラート, ツールバー, リスト, ダイアログ",購入・予約,通常状態,高,料金明細をボトムシート形式で表示し、基本料金・別途料金・複数割引項目（早期割引・初回予約価格・クーポン）を階層的にリスト化した上で、最終前払い金額と付与Trip Coinsを一画面に集約している。,
8a377b27-43be-413b-99ba-fde04e032104.webp,Trip.com,検索結果,旅行,マップ中心,"ブルー (#1A5FBF), ホワイト, ゴールド","ボタン, タグ・ラベル, カード, カルーセル, マップ, ツールバー, ドロップダウン, バッジ, レーティング, 検索フィールド","検索, フィルタ・並び替え",通常状態,高,マップ上に価格バブルを重畳表示しつつ、画面下部にカルーセル形式のホテルカードを組み合わせたデュアルビュー構成で、フィルタバー（星評価・人数・価格帯）が上部に常時表示されている。,
9125e18f-d63c-457f-97f9-cb5078e5c5fc.webp,Trip.com,口コミ・レビュー,宿泊/旅行,リスト式,ホワイト、ネイビーブルー、ゴールド,"シート, ドロップダウン, アバター, タグ・ラベル, レーティング, カード, リスト, ツールバー, バッジ",フィルタ・並び替え,パーシャルステート,高,口コミ一覧画面上にボトムシート形式の客室タイプフィルターが重なって表示されており、現在「全ての客室タイプ」が選択状態（チェックマーク付き）で、複数の客室カテゴリが縦リスト形式で選択肢として提示されている。,
936dbc1b-e968-4c6e-936e-bd43b6ed6c12.webp,Trip.com,購入・予約,旅行,カード式,"ダークブルー(#1A3A8F), ホワイト, レッド(アクセント), ゴールド(アクセント)","ボタン, カード, バナー・アラート, タグ・ラベル, シート, アコーディオン, ツールバー, リスト",購入・予約,通常状態,高,予約完了画面上に「細則」ボトムシートが重なって表示されており、チェックイン・チェックアウト時間の詳細情報がオーバーレイ形式で提示されている。,
9a677bd8-5739-4324-9a80-e32a53016019.webp,Trip.com,おすすめ・類似アイテム,旅行,カード式,"ホワイト, ネイビーブルー, ゴールド/イエロー, ライトグレー","ボタン, タブ・セグメントコントロール, レーティング, カード, カルーセル, タグ・ラベル, バッジ, ツールバー, リスト",購入・予約,通常状態,高,ホテル詳細ページの「周辺のホテル」タブ内に、横スクロール可能なカルーセル形式で近隣ホテルの評点・口コミ数・距離・価格を並べて比較表示し、画面下部にTripの強み訴求セクションと固定の予約CTAボタンを配置した構成になっている。,
9bf2735e-3c30-49a4-8fa6-bc63eb54c9eb.webp,Trip.com,支払い方法,旅行,カード式,ブルー（#2557D6）、オレンジ（#FF6B00）、ホワイト、ライトグレー,ボタン、スイッチ・トグル、ラジオボタン、リスト、カード、タグ・ラベル、バッジ、ツールバー,購入・予約,通常状態,中,カウントダウンタイマー（29分47秒）による決済期限表示、Trip Coinsによる割引適用トグル、複数決済手段（クレジットカード・Apple Pay・ギフトカード）の選択UIが単一画面に集約されている。,
9c547eb3-2565-4fde-a6a8-e88088ddf184.webp,Trip.com,コンテンツ詳細,旅行,リスト式,"ネイビー, ブルー (#3B5BDB系), ホワイト","タブ・セグメントコントロール, リスト, タグ・ラベル, ボタン, ツールバー",選択,通常状態,高,ホテルの設備・アメニティをカテゴリ（フード・ドリンク／ヘルスケア／アクティビティ／クリーニング／お子様向け／ビジネス）ごとにアイコン付き見出しでグループ化し、有料オプションには「有料」タグを付与したリスト構成で、画面下部に固定CTAボタン「客室タイプを選択」を配置している。,
9d72b78c-e5b5-44ad-b48e-b69a8adb38cc.webp,Trip.com,検索結果,旅行,カード式,ブルー（#1A4FBA系）、ホワイト、ゴールド（星評価）、レッド（割引バッジ）,"ボタン, タグ・ラベル, バッジ, カード, マップ, 検索フィールド, ツールバー, ドロップダウン, レーティング, バナー・アラート, リスト","検索, フィルタ・並び替え, 購入・予約",通常状態,高,地図と縦スクロールカードリストを上下に組み合わせたレイアウトで、フィルタチップ（エリア・人数・星数）・割引バナー・会員価格・合計金額・口コミスコアを各カードに集約して表示している。,
a97a1f49-9653-45be-91e1-032c01cd8746.webp,Trip.com,その他,旅行,リスト式,"ブルー (#2B5FE8), ホワイト, ティール (#2AABA8)","ツールバー, バナー・アラート, リスト, タグ・ラベル",キャンセル・返金,通常状態,低,キャンセル完了までの4ステップ進捗をタイムライン形式で表示し、現在の最終ステップをティール色の塗りつぶし円で強調している。,
ad94377d-a5f4-4043-8e75-d4cf596d400e.webp,Trip.com,購入・予約,旅行,リスト式,ブルー（#3D5AFE系）、ホワイト、オレンジ（アスタリスク）,"ラジオボタン, ボタン, ツールバー, バナー・アラート, タグ・ラベル",キャンセル・返金,通常状態,中,"無料キャンセル可能である旨をヘッダーで強調表示し、7つのキャンセル理由をラジオボタンで選択させ、画面下部に返金見込み額（63,428円）と送信ボタンを固定表示する構成。",
aeecbcaf-2164-484f-91bc-b595f7e0d126.webp,Trip.com,コンテンツ詳細,旅行,タブ切替,"ネイビーブルー (#1a3a6b), ホワイト (#ffffff), ブルー (#4169e1)","ボタン, タブ・セグメントコントロール, マップ, リスト, タグ・ラベル, ツールバー",選択,通常状態,中,「周辺情報」タブ内でGoogleマップのサムネイルと交通機関・ランドマークの切替タブを組み合わせ、空港・駅までの距離と所要時間をリスト形式で表示している。,
b2f0121b-9144-44e6-b74b-2cd4aa8c610c.webp,Trip.com,口コミ・レビュー,宿泊旅行,リスト式,ブルー（#3D5AF1）、ホワイト、グレー,チェックボックス、ボタン、シート、アバター、タグ・ラベル、ツールバー、ドロップダウン,フィルタ・並び替え,通常状態,中,言語フィルター選択用のボトムシートが全画面下部からオーバーレイ表示され、日本語・英語の2項目がチェック済み状態で、「結果を表示」ボタンが固定配置されている。,
b46fe196-4464-4cf0-a08e-cff18623a40a.webp,Trip.com,コンテンツ詳細,旅行,タブ切替,"ネイビーブルー (#1A6FBF), ホワイト, ライトグレー","ボタン, タブ・セグメントコントロール, カード, カルーセル, アバター, タグ・ラベル, バッジ, ツールバー",購入・予約,通常状態,中,ホテル詳細ページの『ご利用条件』タブが選択された状態で、対応クレジットカードブランド（VISA/AMEX/Mastercard/JCB/Diners）のロゴ一覧、ユーザー投稿型の『滞在のインスピレーション』カルーセル、および画面下部に割引価格と客室選択CTAボタンが固定表示されている。,
be0b5ec8-f94a-4655-996a-6a611b025921.webp,Trip.com,コンテンツ詳細,旅行,リスト式,"ネイビー, ブルー, ホワイト, ライトグレー",タブ・セグメントコントロール/ツールバー/リスト/タグ・ラベル/ボタン,選択,通常状態,高,ホテルの設備・アメニティ情報をカテゴリ（インターネット・駐車場・交通・レストラン・フロントデスク）ごとにアイコン付き見出しで区切り、有料・無料のラベルタグを併記したリスト形式で表示し、画面下部に固定CTAボタン（客室タイプを選択）を配置している。,
c331dc91-b1b6-4c0f-9847-77341bece280.webp,Trip.com,コンテンツ詳細,旅行,タブ切替,ブルー（#1E6FCC系）、ホワイト、グレー,"ボタン, タブ・セグメントコントロール, リスト, タグ・ラベル, ツールバー, バッジ","選択, 購入・予約",通常状態,,ホテル詳細画面の「設備・アメニティ」タブが選択された状態で、アメニティ一覧・ホテル概要・チェックイン条件がセクション分けして縦スクロール表示され、画面下部に割引価格と予約CTAボタンが固定表示されている。,
c6038aaf-785a-46ba-9593-787d6b56f46e.webp,Trip.com,コンテンツ詳細,旅行,カード式,"ホワイト, ブルー, ゴールド, ベージュ","ボタン, タブ・セグメントコントロール, レーティング, カード, タグ・ラベル, バッジ, アバター, ツールバー, リスト, ページコントロール","選択, 購入・予約",通常状態,高,ホテル詳細画面にタブナビゲーション・Trip Bestランキングバッジ・サービス評点・口コミプレビュー・連絡先情報を縦スクロール形式で集約し、最下部に固定CTAボタンを配置した構成。,
d17c298a-ecf9-4bcb-ad78-139edb025129.webp,Trip.com,コンテンツ詳細,旅行,グリッド,"ホワイト, ネイビーブルー, ブラック","タブ・セグメントコントロール, タグ・ラベル, バッジ, カード, リスト, ツールバー",選択,通常状態,中,「ホテル提供」と「ユーザー投稿」の2タブ構成で、カテゴリ別（外観・客室・食事等）フィルタタグを上部に配置し、2カラムグリッドで写真を分類表示している,
d6957b3e-4099-4c98-87ee-54205b4a30a1.webp,Trip.com,口コミ・レビュー,旅行,リスト式,"ネイビーブルー (#1A3C6E), ホワイト (#FFFFFF), ライトグレー (#F5F5F5)","ボタン, レーティング, ページコントロール, タブ・セグメントコントロール, ドロップダウン, シート, リスト, タグ・ラベル, バッジ, ツールバー",フィルタ・並び替え,通常状態,高,口コミ一覧画面上にボトムシート形式の並び替えメニュー（関連度/新しい順/評価高低）がオーバーレイ表示され、現在選択中の項目にチェックマークが付いている。,
d9561b9b-31af-4a68-8f61-fba20fa95921.webp,Trip.com,口コミ・レビュー,旅行,リスト式,ブルー（#2563EB）、ホワイト、グレー、ゴールド（評価バッジ）,"ボタン, ドロップダウン, アバター, タグ・ラベル, バッジ, リスト, カード, ツールバー","レビュー・評価, フィルタ・並び替え",通常状態,中,レビュー一覧画面に客室タイプ・旅行タイプ・言語・並び替えの4つのフィルタードロップダウンと写真付き口コミ絞り込みボタンを上部に配置し、各レビューにはスコアバッジ・宿泊情報・本文・複数枚の写真グリッド・ホテル返信を含む構成となっている。,
db258fdb-9499-4b42-98d7-f01166d5c2b9.webp,Trip.com,クーポン・リワード,旅行,カード式,"ホワイト, ピンク/レッド, ネイビーブルー, ゴールド","ボタン, カード, タグ・ラベル, バナー・アラート, ツールバー, リスト",購入・予約,通常状態,中,"新規会員向け特典として「最大20%オフ割引」「8%割引クーポン（最大1,200円）」「最大5%相当のTrip Coins獲得」の3種類の特典をカード形式で縦並びに整理し、最下部に固定CTAボタンを配置したモーダルシート構成。",
08443998-bd98-43df-8b57-4a38c5088e41.webp,Trip.com,クーポン・リワード,旅行,カード式,"ブルー (#1E40FF系), ピンク/レッド (#FF4D6A系), ゴールド (#F5A623系), ホワイト","ボタン, カード, カルーセル, タグ・ラベル, バッジ, ページコントロール, ツールバー, リスト, アバター",選択,通常状態,中,会員ランク進捗をステップ式アイコンで可視化し、新規会員向けクーポン（8%・20%オフ）とTripコイン残高をカード分割で並列表示する構成。,
111d0419-b7d0-454a-93aa-3c1563fb5bba.webp,Trip.com,クーポン・リワード,旅行,リスト式,"ネイビー (#1B2A5E), ゴールド (#F5A623), ベージュ (#FDF3E3), ホワイト (#FFFFFF)","ボタン, タブ・セグメントコントロール, リスト, バナー・アラート, タグ・ラベル, ツールバー",該当なし,通常状態,中,Trip Coins残高・円換算表示をヘッダーに配置し、付与履歴を日付・有効期限・付与数とともにリスト形式で列挙、上部タブで「全て/付与済み/利用済み/期限切れ」のフィルタ切替が可能な構成。,
1967377c-760c-489c-8e2b-9fa5b2c033cf.webp,Trip.com,クーポン・リワード,旅行,全画面,ブルー（#1A6FD4系）、ゴールド（#F5A623系）、ホワイト、ライトブルー背景,"テキストフィールド, バナー・アラート, タグ・ラベル, ツールバー",該当なし,通常状態,低,Trip Coinsの価値換算（100コイン＝$1≒156円）と利用用途（予約・ホテル特典交換）をイラストとテキストで縦スクロール型に説明するガイドページ構成。,
1a221dd6-2954-4884-9fdd-5a978b643158.webp,Trip.com,フィルタ・並び替え,旅行,リスト式,"ホワイト, ブルー(#3B5BDB), グレー","チェックボックス, ボタン, リスト, タブ・セグメントコントロール, ツールバー","フィルタ・並び替え, 選択",通常状態,中,左ペインにカテゴリ大分類、右ペインに小分類チェックボックスを配置した2カラム構造のモーダルシートで、「遊園地」「テーマパーク」の2項目が選択済み状態となっており、下部に検索結果件数(878件)を表示するCTAボタンとクリアボタンが配置されている。,
1fd596d2-3ffa-43c5-a5b4-4fb0465c6246.webp,Trip.com,クーポン・リワード,旅行,カード式,"ネイビーブルー (#1A237E), ホワイト (#FFFFFF), ロイヤルブルー (#3F51B5)","ボタン, ダイアログ, シート, カード, タグ・ラベル, バッジ, ツールバー, ページコントロール",選択,通常状態,,モーダルダイアログ内に特典詳細と会員特典カード（チェックマーク付き）が重なって表示され、ロック中ステータスと対象地域の制限条件が明示されている構成。,
215a40b6-301a-4cc4-9031-fa43806d0559.webp,Trip.com,フィルタ・並び替え,旅行,リスト式,ホワイト/#2B5CE6（ブルー）/#FF6B35（オレンジ）/グレー,"ボタン,タブ・セグメントコントロール,検索フィールド,シート,ドロップダウン,リスト,カード,タグ・ラベル,バッジ,ツールバー",フィルタ・並び替え,通常状態,中,ボトムシートで「エリア」フィルターが展開され、左列に「直線距離」「人気エリア」のカテゴリタブ、右列に2km〜100kmの距離選択リストが並ぶ2カラム構成になっており、下部に検索結果件数(878件)付きのCTAボタンとクリアボタンが固定表示されている。,
28209272-e9ef-4c53-930c-d838eee9f59e.webp,Trip.com,コンテンツ詳細,旅行,カード式,"ホワイト, ブラック, グリーン（#00AA6C）, オレンジ（#FF6B00）, ブルー（#3B82F6）","カード, カルーセル, レーティング, タグ・ラベル, バッジ, アバター, ツールバー, テキストフィールド, マップ, バナー・アラート, リスト","検索, 選択",通常状態,高,ヒーローイメージ上部に口コミ引用テキストを重ね、評点・営業時間・住所・SNS投稿カルーセル・詳細情報を縦スクロール型で一画面に集約した観光スポット詳細ページ構成。,
32591fa2-fa11-4527-9aaa-41f27a234372.webp,Trip.com,クーポン・リワード,旅行,カード式,"ネイビーブルー, ゴールド, ホワイト, ロイヤルブルー","ボタン, スイッチ・トグル, ダイアログ, カード, ページコントロール, ツールバー, バッジ",オンボーディング,通常状態,中,モーダルシート上にTrip Coinsの現金換算レート（100コイン＝約157円）と利用可能シーン説明、決済画面UIのモックイメージ、トグル付きコイン適用プレビューカードを重ねて表示する多層構造レイアウトを採用している。,
399273bd-0d8f-42cb-9746-1fda0943f5d9.webp,Trip.com,検索結果,旅行,カード式,"ネイビー, ホワイト, オレンジ・レッド（スコアバッジ）, ブルー（評価テキスト）","検索フィールド, タブ・セグメントコントロール, ドロップダウン, タグ・ラベル, カード, リスト, レーティング, バッジ, ツールバー","検索, フィルタ・並び替え",通常状態,高,各カードにTripBestバッジ・スコア・星評価・口コミ件数・カテゴリ・距離情報を重畳表示し、上部にカテゴリタブと複数のフィルタ用ドロップダウン、クイックフィルタボタンを組み合わせた多層フィルタ構造を持つ観光スポットチケット一覧画面。,
451eb014-5f67-41d0-8e4c-4bcf7136faf6.webp,Trip.com,口コミ・レビュー,旅行,グリッド,"ホワイト, ネイビーブルー, ライトグレー","タブ・セグメントコントロール, カード, アバター, ツールバー, バッジ",レビュー・評価,通常状態,中,「Tripメモリー」セクションにて2列グリッドレイアウトで投稿者名・サムネイル・いいね数を含むUGCカードが4枚表示され、下部に「更に表示」リンクと口コミ投稿ボタンが配置されている。,
558b63be-55c4-4e0a-965c-9281548909e3.webp,Trip.com,クーポン・リワード,旅行,リスト式,"ブルー (#1E7EF7), ホワイト, オレンジ/ゴールド","ボタン, タブ・セグメントコントロール, バナー・アラート, タグ・ラベル, カード, リスト, レーティング, ツールバー","選択, 検索",通常状態,中,Trip.com Rewardsの会員特別割引ページで、国内／海外ホテルのタブ切替・無料キャンセル有無・都道府県フィルタ・日付絞り込みを1画面に集約し、最大50%割引の訴求バナーとホテルリストを縦スクロールで構成している。,
56d380a0-00f3-4faa-9ef6-0d7c93677480.webp,Trip.com,メッセージ・お知らせ,旅行,全画面,"ダークネイビー (#1B2A4A), ホワイト (#FFFFFF), ブルー (#2B5CE6)","ボタン, レーティング, ダイアログ, シート, アバター, ツールバー, タグ・ラベル","チャット・メッセージ, レビュー・評価, キャンセル・返金",通常状態,中,チャットボット画面上にボトムシートとしてサービス評価モーダルが重なって表示されており、5段階の絵文字レーティングと問題解決有無の二択ボタンを組み合わせたフィードバックUIが実装されている。,
60e09510-bd97-4ef1-b326-199b76355a04.webp,Trip.com,クーポン・リワード,旅行,カード式,"ダークブルー (#1A237E), ホワイト (#FFFFFF), ゴールド (#FFA000), ライトブルー (#E8EAF6)","ボタン, カード, バナー・アラート, アバター, ツールバー, タグ・ラベル, ページコントロール, ダイアログ",オンボーディング,通常状態,中,モーダルシート形式でTrip Coinsの獲得説明を表示し、予約完了後に獲得予定の80 Trip Coinsをカード内でハイライト表示、ページコントロールドットで複数ステップ構成を示している。,
6e55c7ce-545c-402c-b478-a24bc7414510.webp,Trip.com,検索結果,旅行,カード式,ブルー（#0066CC）、ホワイト、オレンジ（評価バッジ）,"検索フィールド, タブ・セグメントコントロール, ドロップダウン, カード, タグ・ラベル, レーティング, バッジ, フロートボタン, ツールバー","検索, フィルタ・並び替え",通常状態,高,検索結果一覧を横長サムネイル＋テキスト情報のカード形式で縦スクロール表示し、評価スコア・レビュー件数・最安値・当日／前日予約可などのフィルタタグを各カードに付与している。,
727eb8bb-92d6-471c-bdc9-80b4871ae358.webp,Trip.com,検索,旅行,リスト式,"ネイビー, ホワイト, ブルー","検索フィールド, ボタン, リスト, タグ・ラベル",検索,通常状態,低,検索フィールドにフォーカスした状態で、人気スポット一覧（新宿区・浅草寺・東京タワー等6件）と人気商品セクション（東京メトロ券）がサジェストとして表示され、日本語フルキーボードがオーバーレイしている。,
7a5b7f34-1c5b-456f-89fe-bfd0d5b3a6c0.webp,Trip.com,クーポン・リワード,旅行,カード式,"ブルー (#2B5CE6), ゴールド (#F5A623), ホワイト, パープル","カード, カルーセル, ボタン, タグ・ラベル, バッジ, ページコントロール, ツールバー, アバター",該当なし,通常状態,中,ダイヤモンド会員ステータス（ロック中）とTripCoins残高・換算額を上部に表示し、会員特典（コイン付与率アップ・VIPラウンジ・ホテル割引・鉄道払戻無料）を2列グリッドカードで列挙する構成。,
84e924ee-2bf3-44e0-8c84-336e56eb6b00.webp,Trip.com,クーポン・リワード,旅行,カード式,"ダークブルー (#1A237E), ホワイト (#FFFFFF), ティール/シアン (#00BCD4), ライトブルー (#E8EAF6)","ボタン, ダイアログ, カード, タグ・ラベル, ツールバー, ページコントロール, バッジ",選択,通常状態,,モーダルダイアログ内に特典説明テキスト・図解カード・CTAボタンを縦積みで配置し、ロック状態の会員特典（空港VIPラウンジ無料利用）の詳細と利用フローをワンスクリーンで提示している。,
860e9ac4-5f84-4a3d-87a6-10c16ec00a11.webp,Trip.com,フィルタ・並び替え,旅行,リスト式,"ホワイト, ネイビーブルー, レッド","ボトムシート, タブ・セグメントコントロール, 検索フィールド, ドロップダウン, タグ・ラベル, カード, リスト, バッジ, ツールバー",フィルタ・並び替え,通常状態,中,ボトムシートで並び替えオプション（おすすめ・旅行者による評価・人気順・販売量・距離）を表示し、現在選択中の「おすすめ」にチェックマークとブルーハイライトで選択状態を明示している。,
88195984-3a57-40ba-bb80-18e2a50ad988.webp,Trip.com,検索結果,旅行,カード式,"ホワイト, オレンジ, ブルー, ピンク","検索フィールド, タブ・セグメントコントロール, ドロップダウン, ボタン, カード, タグ・ラベル, バッジ, レーティング, ツールバー, リスト","検索, フィルタ・並び替え",通常状態,高,検索結果カードに価格・割引額・評価スコア・Trip Bestバッジ・距離情報・即日予約可否タグが集約して表示されており、上部に並び替え・カテゴリー・エリア・絞り込みの4種フィルターと3種のクイックフィルターボタンが配置されている。,
a84b7070-d449-4418-ba77-7e2f1a0186d7.webp,Trip.com,クーポン・リワード,旅行,カード式,"ネイビーブルー, オレンジ, ホワイト","カード, タグ・ラベル, ツールバー, リスト, バナー・アラート",該当なし,通常状態,中,ホテル予約・航空券予約・コンテンツ投稿・アプリ利用など複数のサービスカテゴリ別にTrip Coins獲得条件を独立したカードで区分して表示している。,
b01016c5-cce8-4974-ac83-9143ad4a34c1.webp,Trip.com,検索,旅行,グリッド,"ネイビー (#1a2a5e), ホワイト (#ffffff), ライトグレー (#f5f5f5), ブルー (#4a6cf7)","検索フィールド, ボタン, タグ・ラベル","検索, 選択",通常状態,中,人気都市・日本・中国・アメリカ・韓国の地域別カテゴリに分類された都市選択グリッドで、現在選択中の都市（東京）が青枠でハイライト表示されている。,
b28f2878-0580-44a0-8301-002d3f579adb.webp,Trip.com,口コミ・レビュー,旅行,カード式,"ブルー (#1B4FD8), ホワイト, レッド, グレー","ボタン, ページコントロール, ステッパー, バナー・アラート, タグ・ラベル",レビュー・評価,通常状態,中,プログレスバー付きの単一設問NPS形式アンケート画面で、0〜10の数値ボタン選択UIとスコール両端に絵文字・テキストラベルを配置している。,
b4a79bc9-8653-49f1-baf9-2e333995727e.webp,Trip.com,口コミ・レビュー,旅行,リスト式,"ネイビーブルー, ホワイト, グレー","タブ・セグメントコントロール, カード, アバター, タグ・ラベル, レーティング, バッジ, ツールバー, リスト",レビュー・評価,通常状態,高,レビュー一覧画面にて、5.0/5のスコア・投稿日・予約確認済みバッジ・テキスト本文・複数枚の写真サムネイル（追加枚数バッジ付き）がレビュー単位でセットになったカード構造を採用している。,
b9277807-5a1e-4fb0-8680-17c31a56b23b.webp,Trip.com,フィルタ・並び替え,旅行,シート,"ホワイト (#FFFFFF), ブルー (#3D5AFE), グレー (#F5F5F5)","ボタン, タグ・ラベル, シート, ツールバー, バッジ, チェックボックス",フィルタ・並び替え,通常状態,低,ボトムシート形式のフィルターパネルに「チケット予約」「観光スポットの評価」「レビュー数」の3カテゴリが縦並びで配置され、選択済み項目はブルーの枠線とチェックマークで視覚的に区別されている。,
bc845b9f-58be-4671-a6fc-216183a96017.webp,Trip.com,クーポン・リワード,旅行,タブ切替,ゴールド（#F5A623）、ネイビー（#1A2E5A）、ホワイト（#FFFFFF）、ライトイエロー（#FFF8E7）,タブ・セグメントコントロール、バナー・アラート、ツールバー、タグ・ラベル、アバター,該当なし,エンプティステート,低,「利用済み」タブ選択時にTrip Coins残高（10枚≈15円）を上部に表示しつつ、利用履歴が存在しない場合のエンプティステートをイラストと「履歴はありません」テキストで構成している。,
bdde7cdf-d5cd-4350-9159-28b676c34013.webp,Trip.com,コンテンツ詳細,旅行,カード式,"ネイビーブルー (#1A3A6B), ホワイト (#FFFFFF), ライトグレー (#F5F5F5), ブルー (#2979FF)","タブ・セグメントコントロール, ツールバー, リスト, カード, アバター, タグ・ラベル, バッジ, レーティング, テキストフィールド, ボタン",レビュー・評価,通常状態,中,施設詳細ページにタブ切替（概要/詳細/レビュー/周辺）を採用し、アメニティアイコン一覧・評価スコア・口コミ件数・フィルタチップを1画面内に縦積みで構成している。,
c1066722-70a6-479a-a075-9c878f16ef50.webp,Trip.com,クーポン・リワード,旅行,カード式,"ブルー (#1677FF系), オレンジ (#FF6B00系), ホワイト, ピンク","ボタン, バナー・アラート, カード, リスト, タグ・ラベル, ツールバー, アバター","招待, シェア",エンプティステート,中,友人招待プログラムのページで、招待人数（1〜4名以上）に応じた獲得Trip Coins数と円換算額をステップ形式で視覚化し、招待中0件・完了0件・獲得合計0円のエンプティ状態を下部に表示している。,
c7fbd6b7-7bc1-46ff-9b81-069baab0b523.webp,Trip.com,おすすめ・類似アイテム,旅行,カード式/タブ切替,ホワイト/#1A73E8（ブルー）/オレンジ/ピンク,ボタン/タブ・セグメントコントロール/カード/リスト/タグ・ラベル/バッジ/レーティング/ツールバー/バナー・アラート,選択/購入・予約,通常状態,高,東京ディズニーランド周辺のホテル一覧を「ホテル/観光スポット/レストラン/店舗」のタブで切り替え表示し、各カードに星評価・口コミ数・距離・価格・割引バッジを集約したリスト構成になっている。,
d83b0ddc-053f-4b69-a97b-4f3128b494d0.webp,Trip.com,口コミ・レビュー,旅行,全画面,"ブルー (#1A56F0), ホワイト, グレー, イエロー（絵文字）","ボタン, レーティング, テキストフィールド, タグ・ラベル, アバター, シート, ダイアログ, ツールバー",レビュー・評価,通常状態,中,チャットボット評価用モーダルシートに、5段階の絵文字レーティング・複数選択タグ・自由記述テキストフィールド・問題解決有無の二択ボタンが縦に一画面内へ集約されている。,
e8bb9912-b4c3-469e-93e6-d51c4452396d.webp,Trip.com,クーポン・リワード,旅行,グリッド,"パープル (#6B4EFF系), ホワイト, ダークネイビー","カード, リスト, アコーディオン, ボタン, ツールバー",該当なし,通常状態,中,リワード特典を2カラムグリッドのカードで視覚的に整理し、下部にFAQアコーディオンとCTAボタンを配置した縦スクロール構成になっている。,
f0e5cae7-16ca-4e7e-94a9-06f1d2653747.webp,Trip.com,クーポン・リワード,旅行,全画面,"ネイビーブルー, ホワイト, ブルー","ダイアログ, ボタン, タグ・ラベル, アバター, ページコントロール, バナー・アラート",オンボーディング,通常状態,低,モーダルダイアログ形式で会員特典（電話・チャット優先サポート）の詳細を表示し、ロック中ステータスと対象会員tier（ダイヤモンド・プラチナ）をページコントロール付きで案内している。,
ff1e9df3-ce9d-4778-80b4-f171a18755e8.webp,Trip.com,検索結果,旅行,カード式,"ホワイト, ブルー, オレンジ","検索フィールド, タグ・ラベル, カード, カルーセル, バナー・アラート, タブ・セグメントコントロール, ボタン, ドロップダウン, レーティング, ツールバー, バッジ","検索, フィルタ・並び替え, 購入・予約",通常状態,高,都市選択ドロップダウン付き検索バー上部に配置し、カテゴリアイコン横並び・人気スポットランキングカルーセル・プロモーションバナー・タブ切替フィルター付きリストを縦に積み重ねた多層構造レイアウトを採用している。,
jalan-2024-08-1722742326092-30.webp,Jalan,ホーム,宿泊旅行,カード式,"オレンジ (#D4762B系), ホワイト, ブルー (CTAボタン)","ボタン, テキストフィールド, 検索フィールド, タブ・セグメントコントロール, ボトムナビ, バッジ, カード, タグ・ラベル, ツールバー, バナー・アラート",検索,通常状態,中,宿・ホテル検索フォーム（エリア・日付・人数）をファーストビューの中心に配置し、Pontaポイント残高表示・北陸応援割バナー・今夜の宿ショートカットを縦に並べた構成。,
jalan-2024-08-1722742327135-31.webp,Jalan,ホーム,旅行,グリッド,"オレンジ (#D4762B系), ホワイト, ライトグレー","ボタン, カード, ボトムナビ, ツールバー, バッジ, タグ・ラベル, ツールチップ, アバター, リスト","検索, 選択",通常状態,中,"ホーム画面は「周辺観光情報」「マイメニュー」「国内宿検索」の3セクションで構成され、クチコミ投稿ボタン上に限定5,000ptプレゼントのツールチップが重なって表示されている。",
jalan-2024-08-1722742332464-36.webp,Jalan,検索,宿旅,リスト式/タブ切替,"オレンジ (#E87722), ホワイト (#FFFFFF), ライトグレー (#F5F5F5), ブラック (#333333)","タブ・セグメントコントロール, ボタン, リスト, ツールバー, タグ・ラベル","検索, 選択",通常状態,中,エリア・駅路線・温泉地・履歴の4タブ構成で宿検索の起点となる地域選択画面であり、主要都市・北海道・東北・北関東のセクションヘッダーで階層的にエリアをグループ化したリストと、リスト/マップ切替セグメントコントロールを併用している。,
jalan-2024-08-1722742336006-39.webp,Jalan,検索結果,宿旅,カード式,"オレンジ (#E87722), ホワイト (#FFFFFF), ダークグレー (#333333), レッド (#E8002D)","ボタン, カード, タグ・ラベル, バッジ, ツールバー, ドロップダウン, リスト","検索, フィルタ・並び替え",通常状態,中,ヘッダーに検索条件（エリア・軒数・泊数・人数・部屋数）を表示し、各ホテルカードに大判の外観写真・価格・会員限定タグ・クーポンタグ・24時チェックインOKバッジを組み合わせたカードレイアウトで構成されている。,
jalan-2024-08-1722742338054-41.webp,Jalan,フィルタ・並び替え,宿泊旅行,リスト式,"オレンジ (#E87722), ホワイト (#FFFFFF), ライトグレー (#F5F5F5), ブルー (#5B9BD5)","ボタン, スイッチ・トグル, 検索フィールド, タブ・セグメントコントロール, リスト, アコーディオン, ツールバー","検索, フィルタ・並び替え, 選択",通常状態,中,エリア・駅路線・温泉地・履歴の4タブ構成で、リスト／マップ切替と複数エリア選択トグル（最大3つ）を組み合わせた目的地指定画面。,
jalan-2024-08-1722742345728-48.webp,Jalan,カレンダー,旅行,テーブル,"オレンジ (#E8790C), ブルー (#4A90D9), ホワイト (#FFFFFF), グレー (#F0F0F0)","ボタン, タブ・セグメントコントロール, 日付・時間選択, テーブル, ツールバー, タグ・ラベル","検索, フィルタ・並び替え, 購入・予約, 選択",通常状態,低,「日付未定／今夜の宿／日付指定／2泊」の4択セグメントコントロールと月次カレンダーを組み合わせ、10月21〜23日の3日間が青色ハイライトで選択範囲を視覚的に表示している。,
jalan-2024-08-1722742379774-1.webp,Jalan,ホーム,宿泊旅行,タブ切替,"オレンジ (#D4720A系), ホワイト, ブルー","ボタン, セレクト, ドロップダウン, タブ・セグメントコントロール, 検索フィールド, ボトムナビ, バッジ, タグ・ラベル, バナー・アラート, リスト, カード, ツールバー","検索, フィルタ・並び替え, 選択",パーシャルステート,中,宿泊検索フォーム上に人数選択ドロップダウン（大人1〜8名）が展開されており、現在「大人2名」にチェックマークが付いた選択中状態が表示されている。,
jalan-2024-08-1722742380842-2.webp,Jalan,フィルタ・並び替え,宿旅,リスト式,"オレンジ (#D4732A), ホワイト (#FFFFFF), ライトグレー (#F0EEEC), ブルー (#4A7FD4)","ボタン, ステッパー, ツールバー, リスト","フィルタ・並び替え, 購入・予約",エンプティステート,中,子供の宿泊条件を「小学生」「幼児（食事・布団付）」「幼児（食事のみ）」「幼児（布団のみ）」「幼児（食事・布団不要）」の5カテゴリに細分化し、各カテゴリをステッパーで個別に人数指定できる構成になっている。,
jalan-2024-08-1722742381972-3.webp,Jalan,フィルタ・並び替え,宿泊旅行,リスト式,"オレンジ（#D4782A系）, ホワイト, ブルー（決定ボタン）","ボタン, ドロップダウン, タグ・ラベル, ツールバー",フィルタ・並び替え,通常状態,中,予算・人気こだわり条件・宿タイプ・食事タイプの4カテゴリを縦スクロールで並べ、各セクションに個別クリアと全体クリアを併設し、361件の検索結果数をリアルタイム表示した固定決定ボタンを画面下部に配置している。,
jalan-2024-08-1722742383038-4.webp,Jalan,フィルタ・並び替え,宿泊旅行,リスト式,"オレンジ (#D4782A), ホワイト (#FFFFFF), ブルー (#2979FF)","ボタン, セレクト, ドロップダウン, リスト, タグ・ラベル, ツールバー","フィルタ・並び替え, 選択",パーシャルステート,中,"予算の上限設定用ドロップダウンが展開され、14,000円〜100,000円の価格帯オプションがオーバーレイ表示されており、背景には温泉・露天風呂・駐車場等のこだわり条件タグと宿タイプ・食事タイプのセクションが確認できる。",
jalan-2024-08-1722742384929-6.webp,Jalan,フィルタ・並び替え,宿泊/旅行,リスト式,"オレンジ（#D47A1E系）, ホワイト, ブルー（決定ボタン）","ボタン, セレクト, ドロップダウン, タグ・ラベル, ツールバー, リスト",フィルタ・並び替え,通常状態,中,予算・人気条件・宿タイプ・食事タイプの4カテゴリで構成され、選択済み条件（禁煙ルーム・部屋でインターネットOK）はオレンジ背景で視覚的に区別され、該当件数294軒がボトムの決定ボタンにリアルタイム表示されている。,
jalan-2024-08-1722742388432-9.webp,Jalan,ホーム,旅行,カード式,"オレンジ (#D4731A系), ホワイト, ブルー (#2979FF系)","ボタン, タブ・セグメントコントロール, 検索フィールド, カード, ボトムナビ, バッジ, タグ・ラベル, ツールバー, バナー・アラート, リスト",検索,通常状態,中,宿泊地・日程・人数・こだわり条件をまとめた検索ボックスをページ上部に配置し、該当件数（294軒）をボタン内にリアルタイム表示する構成になっている。,
jalan-2024-08-1722742389302-10.webp,Jalan,検索結果,宿旅,カード式,"オレンジ (#E87722), ホワイト (#FFFFFF), レッド (#FF0000), ダークグレー (#333333)","ボタン, カード, タグ・ラベル, ツールバー, ドロップダウン, バッジ, リスト","検索, フィルタ・並び替え",通常状態,中,各ホテルカードに物件写真・ロケーション・会員限定バッジ・クーポンラベル・1泊2名の税込最低価格が縦積みで構成され、上部に件数・日程・人数条件と並び替え・絞り込み・地図表示の3つの操作トリガーが固定配置されている。,
jalan-2024-08-1722742392432-13.webp,Jalan,フィルタ・並び替え,旅行,カード式,"オレンジ (#E87722), ホワイト, グレー, レッド","ドロップダウン, カード, タグ・ラベル, ツールバー, リスト, バッジ","検索, フィルタ・並び替え",通常状態,高,検索結果リスト上にドロップダウンメニューが展開されており、「おすすめ順」「安い順」「高い順」の3つの並び替えオプションが現在選択中のチェックマーク付きで表示されている。,
jalan-2024-08-1722742396674-17.webp,Jalan,検索結果,旅行,マップ中心,"オレンジ (#E8740C), ホワイト, グレー","ボタン, スイッチ・トグル, カード, マップ, タグ・ラベル, ツールバー, レーティング, バッジ","検索, フィルタ・並び替え",通常状態,高,地図上に価格バブル（円〜表示）を重ねて複数ホテルの料金を同時に可視化し、画面下部にタップ選択中ホテルのカード詳細（評価・最寄駅・合計料金）をオーバーレイ表示する構成。,
jalan-2024-08-1722742399988-20.webp,Jalan,コンテンツ詳細,宿泊旅行,タブ切替,オレンジ（#E87722）、ブルー（#1E6FBA）、ホワイト,ボタン、タブ・セグメントコントロール、レーティング、カルーセル、アバター、ツールバー、タグ・ラベル,選択、購入・予約,通常状態,中,ホテル詳細ページにおいて、上部に画像カルーセル・評価・CTA（宿泊プランを見るボタン）・テキスト説明・クチコミ評価の順で縦スクロール構成が取られており、タブナビゲーションにより基本情報/宿泊プラン/クチコミ/地図/クーポンの5セクションへ切り替え可能な設計になっている。,
jalan-2024-08-1722742401116-21.webp,Jalan,コンテンツ詳細,旅行,リスト式,"オレンジ(#E87722), ホワイト, ゴールド(星評価), ブルー(CTAボタン)","タブ・セグメントコントロール, レーティング, リスト, カード, アバター, タグ・ラベル, ボタン, ツールバー, マップ","選択, 購入・予約",通常状態,中,ホテル詳細ページにおいて、タブ切替ナビゲーション・クチコミサマリー・投稿者属性タグ・所在地・固定CTAボタンが縦スクロール形式で1画面に集約されている。,
jalan-2024-08-1722742402342-22.webp,Jalan,コンテンツ詳細,旅行,タブ切替,"オレンジ (#E87722), ホワイト (#FFFFFF), ブルー (#4285F4)","ボタン, タブ・セグメントコントロール, マップ, タグ・ラベル, ツールバー, リスト","選択, 購入・予約",通常状態,中,ホテル詳細画面において「所在地」「交通アクセス」「駐車場」をセクション区切りで縦並びに表示し、インラインGoogleマップと徒歩時間タグを組み合わせて位置情報を視覚的に補完している。,
jalan-2024-08-1722742403275-23.webp,Jalan,コンテンツ詳細,宿泊,リスト式,"オレンジ (#E87722), ホワイト (#FFFFFF), ダークグレー (#333333), ブルー (#3B82F6)","ボタン, タブ・セグメントコントロール, ツールバー, リスト, タグ・ラベル","検索, 購入・予約",通常状態,中,ホテル詳細画面において、最寄り駅・駐車場情報・チェックイン／アウト時刻がセクション分けされたリスト形式で表示され、画面下部に固定CTAボタン「この宿の宿泊プランをみる」が配置されている。,
jalan-2024-08-1722742404280-24.webp,Jalan,コンテンツ詳細,宿旅,カード式,"オレンジ (#E8892B), ホワイト (#FFFFFF), グレー (#F5F5F5), 赤 (#E8003C)","ボタン, タブ・セグメントコントロール, ツールバー, カード, リスト, タグ・ラベル, バッジ, アイコン","検索, 購入・予約",通常状態,高,ホテル詳細ページがタブナビゲーション（基本情報/宿泊プラン/クチコミ/地図/クーポン）で構成され、施設特徴アイコン一覧・宿泊プランカード・価格・ポイント還元率が1画面に集約されている。,
jalan-2024-08-1722742405353-25.webp,Jalan,コンテンツ詳細,宿泊旅行,カード式,"オレンジ (#E8821A), ホワイト (#FFFFFF), ブルー (#2E6DB4)","ボタン, タブ・セグメントコントロール, カード, タグ・ラベル, バッジ, ツールバー, リスト","検索, 購入・予約",通常状態,高,ホテル詳細画面にて、会員限定割引（30%OFF）・残室わずか表示・クーポン取得・ポイント還元率を1画面に集約し、複数のCTAボタンを縦積みで配置している。,
jalan-2024-08-1722742408796-28.webp,Jalan,コンテンツ詳細,宿泊旅行,カード式,"オレンジ(#E07B00系), ホワイト, レッド(価格表示)","ボタン, タブ・セグメントコントロール, ドロップダウン, カード, タグ・ラベル, バッジ, ツールバー, リスト, バナー・アラート","検索, フィルタ・並び替え, 購入・予約",通常状態,高,ホテル詳細ページ内の宿泊プランタブに、日程・人数・価格帯フィルター条件を上部に固定表示しつつ、プランごとにroom情報・食事条件・禁煙区分・合計料金・ポイント還元率をカード形式で一覧表示している。,
jalan-2024-08-1722742410893-30.webp,Jalan,検索結果,旅行,カード式,オレンジ（#E07B2A系）、白、赤（価格強調）,"ボタン, タブ・セグメントコントロール, カード, タグ・ラベル, バッジ, ツールバー, リスト","検索, 購入・予約",通常状態,高,ホテルの宿泊プラン一覧をカード形式で表示し、各カードに部屋画像・プラン名・食事条件・チェックイン時間・税込合計金額・ポイント還元率・クーポン取得CTAを一画面に集約している。,
jalan-2024-08-1722742412062-31.webp,Jalan,コンテンツ詳細,宿泊旅行,カード式,"オレンジ (#F47920), ブルー (#1A8FE3), ホワイト (#FFFFFF), ブラック (#000000)","ボタン, タグ・ラベル, バッジ, カルーセル, ツールバー, バナー・アラート",購入・予約,通常状態,中,宿泊合計金額・ポイント還元率・獲得ポイント数を同一セクションに集約し、クーポン取得CTAと予約進行CTAの2段構成でコンバージョンを促す構成になっている。,
jalan-2024-08-1722742413190-32.webp,Jalan,コンテンツ詳細,宿旅,リスト式,オレンジ（#E8610A）、ホワイト（#FFFFFF）、ブラック（#000000）,カルーセル、タグ・ラベル、バナー・アラート、リスト、ボタン、ツールバー,購入・予約,通常状態,高,ポイント15%特典の詳細条件（予約対象期間・宿泊対象期間・有効期限・注意事項）がテキストブロックで縦積みされており、チェックイン/アウト時間・食事有無・部屋紹介セクションが続くセクション分割構成になっている。,
jalan-2024-08-1722742414202-33.webp,Jalan,コンテンツ詳細,旅行,リスト式,オレンジ（#E87722）、ホワイト、グレー,カルーセル、タグ・ラベル、ツールバー、バナー・アラート、リスト,購入・予約,通常状態,高,客室写真カルーセルの直下に部屋タイプ・面積・ベッドサイズ・アメニティ一覧・プラン説明・大浴場情報を縦スクロールで集約した詳細ページ構成となっており、タグ（禁煙ルーム・部屋でインターネット）で設備属性を視覚的に補足している。,
jalan-2024-08-1722742416191-35.webp,Jalan,購入・予約,旅行,リスト式,"オレンジ (#E87722), ブルー (#2196F3), ホワイト (#FFFFFF), グレー (#F5F5F5)","ボタン, タグ・ラベル, バッジ, テーブル, リスト, ツールバー",購入・予約,通常状態,高,"2泊分の料金明細（1泊目15,600円・2泊目16,120円）を個別表示し、税込合計31,720円・ポイント還元率15.2%・2,000円クーポン取得CTAを同一画面内に集約した予約確認画面。",
jalan-2024-08-1722742417187-36.webp,Jalan,購入・予約,宿泊旅行,リスト式,"オレンジ (#E87722), ホワイト (#FFFFFF), ブルー (#007AFF), グレー (#F5F5F5)","ボタン, テーブル, リスト, タグ・ラベル, ツールバー",購入・予約,通常状態,高,宿泊料金の内訳・子供料金区分・キャンセル規定をテーブル形式で一画面に集約し、固定CTAボタン『予約へ進む』とシェアボタンをボトムに配置した予約確認画面。,
jalan-2024-08-1722742418323-37.webp,Jalan,口コミ・レビュー,宿旅,リスト式,"オレンジ（#D47A1A系）, ホワイト, ブルー（#2F80ED系）, ゴールド（星評価）","タブ・セグメントコントロール, レーティング, ボタン, タグ・ラベル, リスト, ツールバー, バッジ",レビュー・評価,通常状態,中,クチコミ総合スコア（4.6）と6カテゴリ別スコア（部屋・風呂・朝食・夕食・接客・清潔感）を数値で並列表示し、その下に投稿者属性（性別・年代・宿泊時期）付きの個別レビューカードをリスト形式で配置している。,
jalan-2024-08-1722742420174-39.webp,Jalan,口コミ・レビュー,旅行,リスト式,オレンジ（#E07820系）、ホワイト、グレー,タブ・セグメントコントロール/テーブル/リスト/レーティング/タグ・ラベル/ツールバー/バッジ,レビュー・評価,通常状態,高,口コミ詳細をアコーディオン展開形式で表示し、投稿者情報・評価カテゴリ別スコア・宿泊プラン名・料金をテーブル形式で構造化している,
jalan-2024-08-1722742421091-40.webp,Jalan,クーポン・リワード,宿泊旅行,カード式,オレンジ（#E87722）、ベージュ、ホワイト、ダークブラウン,"ボタン, チェックボックス, タグ・ラベル, カード, バナー・アラート, ツールバー, アコーディオン, リスト","選択, 購入・予約",通常状態,中,クーポンカード内に先着枠数・割引額・有効期間・クーポンID・メルマガ同意チェックボックスをまとめて配置し、1アクションでクーポン取得できる構成になっている。,
jalan-2024-08-1722742426889-45.webp,Jalan,購入・予約,旅行,リスト式,オレンジ（#E87722）、ホワイト、グレー,"ボタン, セレクト, ドロップダウン, タグ・ラベル, ツールバー, バナー・アラート, ステッパー",購入・予約,パーシャルステート,中,予約フローの進捗をステップインジケーター（4段階）で上部に明示し、チェックイン時間・部屋数・宿泊人数を必須項目として段階的に入力させる構成になっている。,
jalan-2024-08-1722742428796-47.webp,Jalan,購入・予約,宿泊旅行,リスト式,"オレンジ (#D4720A系), ホワイト, グレー","セレクト, ドロップダウン, タグ・ラベル, ツールバー, リスト","購入・予約, 選択",通常状態,中,1部屋あたりの宿泊人数を大人男性・大人女性別にセレクトボックスで入力する画面で、大人女性の選択欄が展開され0〜9のドロップダウンリストが表示されており現在値「2」にチェックマークが付いている。,
jalan-2024-08-1722742429884-48.webp,Jalan,購入・予約,旅行,リスト式,"オレンジ (#E87722), ホワイト (#FFFFFF), グレー (#F5F5F5), ダークグレー (#333333)","テキストフィールド, タグ・ラベル, バッジ, ツールバー, リスト",購入・予約,通常状態,中,予約確認情報（チェックイン日・泊数・キャンセル期限・施設名・プラン・部屋タイプ）をセクションヘッダー付きのリスト形式で上部に表示し、下部に宿泊代表者入力フォームを配置した2段構成の予約入力画面。,
jalan-2024-08-1722742430923-49.webp,Jalan,購入・予約,宿泊旅行,リスト式,"オレンジ (#E87722), ホワイト (#FFFFFF), ライトグレー (#F5F5F5)","テキストフィールド, ボタン, ドロップダウン, タグ・ラベル, ツールバー",購入・予約,通常状態,中,宿泊代表者の氏名（漢字・カナ）・住所・電話番号を必須項目としてセクション区切りで縦並びに配置したフォーム画面で、各入力形式の注意書きがフィールド直下に明示されている。,
jalan-2024-08-1722742444383-0.webp,Jalan,購入・予約,旅行,リスト式,"オレンジ (#E87722), ホワイト (#FFFFFF), ライトグレー (#F5F5F5), ダークグレー (#333333)","テキストフィールド, セレクト, ドロップダウン, タグ・ラベル, ツールチップ, リスト, ツールバー",購入・予約,通常状態,中,予約者情報入力フォーム（電話番号・年代・メールアドレス・氏名）と、予約金不要・キャンセル規定（2日前50%〜当日100%）を同一スクロール画面内にまとめて表示している。,
jalan-2024-08-1722742445685-1.webp,Jalan,購入・予約,宿泊旅行,リスト式,"オレンジ (#E87722), ブルー (#2196F3), ホワイト (#FFFFFF), グレー (#F5F5F5)","チェックボックス, ボタン, ドロップダウン, タグ・ラベル, リスト",購入・予約,通常状態,低,予約フローの入力ステップ画面で、メールマガジン配信の購読オプション（施設・じゃらんnet・リクルートID）を複数チェックボックスで選択でき、画面下部にステッパー形式の4段階進捗インジケーターが表示されている。,
jalan-2024-08-1722742446810-2.webp,Jalan,支払い方法,旅行,リスト式,"オレンジ (#F07800), ホワイト (#FFFFFF), グレー (#F5F5F5)","ボタン, ラジオボタン, セレクト, ドロップダウン, タグ・ラベル, ツールバー",購入・予約,通常状態,中,予約フローの進捗ステッパー（4ステップ）を上部に表示し、クーポン選択用ドロップダウンとポイント利用のラジオボタン選択を1画面内に縦並びで配置した支払い情報入力画面。,
jalan-2024-08-1722742447807-3.webp,Jalan,支払い方法,宿泊旅行,リスト式,"オレンジ (#E87722), 白, 黒, 赤","ラジオボタン, バナー・アラート, リスト, タグ・ラベル, ボタン",購入・予約,通常状態,高,クーポン・ポイント適用後の支払い金額サマリーと、Apple Pay／オンラインカード決済の2択ラジオボタン選択UIが縦に並び、複数の赤文字注意書きが占める割合が大きい構成になっている。,
jalan-2024-08-1722742449744-5.webp,Jalan,購入・予約,旅行,リスト式,"オレンジ (#F07800), ホワイト (#FFFFFF), ブラック (#000000)","ボタン, バナー・アラート, タグ・ラベル, カード, ツールバー, テキストフィールド, リスト",購入・予約,通常状態,中,予約確定前の最終確認画面として、未成立状態をオレンジ枠のアラートで明示し、獲得ポイント・プラン名・チェックイン日時などの予約サマリーをリスト形式で縦並びに表示している。,
jalan-2024-08-1722742451904-7.webp,Jalan,購入・予約,旅行,リスト式,"オレンジ (#E07B00系), ホワイト, グレー","テキストフィールド, タグ・ラベル, バッジ, テーブル, リスト, ツールバー",購入・予約,通常状態,中,宿泊内容・宿泊代表者情報の入力セクションと支払い内容の明細セクションが縦に並列配置され、泊数ごとの料金内訳がラベル付きで分けて表示されている。,
jalan-2024-08-1722742452922-8.webp,Jalan,購入・予約,宿泊旅行,リスト式,"オレンジ (#E07820系), ホワイト, ダークブラウン, レッド","テーブル, リスト, タグ・ラベル, バナー・アラート",購入・予約,通常状態,高,宿泊料金の支払い明細（1泊目・2泊目の内訳）、クーポン適用後の支払金額、および加算予定ポイントの詳細内訳（Pontaポイント・じゃらん限定ポイント）を1画面に縦並びで集約表示している。,
jalan-2024-08-1722742454030-9.webp,Jalan,購入・予約,旅行,リスト式,"オレンジ (#E87722), ホワイト (#FFFFFF), ブラック (#000000), ブルー (リンク色)","テーブル, リスト, タグ・ラベル, ツールチップ, バナー・アラート",購入・予約,通常状態,中,予約確認画面の下部セクションとして、加算予定スコア・キャンセル規定（2日前50%/1日前80%/当日100%）・サイト操作期限・メールマガジン配信設定が縦に並んだセクション分割構成になっている。,
jalan-2024-08-1722742456160-11.webp,Jalan,購入・予約,旅行,リスト式,"オレンジ (#F5A623), ホワイト (#FFFFFF), ブルー (#007AFF), グレー (#F5F5F5)","ボタン, タブ・セグメントコントロール, テーブル, バナー・アラート, タグ・ラベル, ツールバー",購入・予約,通常状態,中,予約完了画面にて、ステッパー形式の進捗バー（4ステップ）を上部に表示し、予約番号・施設名・宿泊プラン・宿泊日・人数をテーブル形式で整理した上で、航空券追加へのアップセルCTAボタンを画面下部に配置している。,
jalan-2024-08-1722742460254-15.webp,Jalan,検索,旅行,リスト式,"オレンジ (#E87722), ホワイト (#FFFFFF), グレー (#F5F5F5)","ボタン, チェックボックス, ステッパー, 日付・時間選択, ドロップダウン, リスト, ツールバー","検索, フィルタ・並び替え",通常状態,中,宿泊地選択・人数・部屋数・予算・禁煙フィルタ・レンタカーオプションを1画面に集約したパッケージ旅行の検索条件入力画面で、ステッパーUIで人数と部屋数を直接増減できる構成になっている。,
jalan-2024-08-1722742469720-24.webp,Jalan,検索結果,旅行,カード式,"オレンジ (#E87722), 白, 青 (#1A6FC4), グレー","ボタン, タグ・ラベル, バッジ, カード, リスト, ツールバー, バナー・アラート","検索, 選択, 購入・予約",通常状態,高,航空券＋宿泊のパッケージ料金を1人あたり・合計の2軸で表示し、クーポン取得CTAと宿泊プラン選択CTAを同一カード内に併置している。,
jalan-2024-08-1722742479141-32.webp,Jalan,クーポン・リワード,宿泊旅行,テーブル,"オレンジ (#E07820系), ホワイト (#FFFFFF), ベージュ (#F5F0E8系), ブラウン (#5C3D1E系)","ボタン, タグ・ラベル, バッジ, ツールバー, テーブル, リスト, アコーディオン",選択,通常状態,高,クーポン詳細情報（対象施設・取得期間・予約期間・宿泊期間・先着予約数・利用条件・注意事項）をテーブル形式で縦並びに整理し、取得済み状態をウォーターマーク風バッジとグレーアウトされたボトムボタンで明示している。,
jalan-2024-08-1722742482316-35.webp,Jalan,コンテンツ詳細,旅行,カード式,"オレンジ (#E87722), ホワイト (#FFFFFF), ダークグレー (#333333)","ボタン, タブ・セグメントコントロール, レーティング, カード, リスト, タグ・ラベル, バッジ, ツールバー, ドロップダウン","検索, 購入・予約",通常状態,高,航空券付き宿泊プランをJAL/ANAの2社切替タブで表示し、各プランカードに残室数バッジ・料金・クーポン取得ボタンを一画面に集約している。,
jalan-2024-08-1722742542118-31.webp,Jalan,検索,旅行,リスト式,"オレンジ (#D4740A系), ホワイト, ブルー","ボタン, バナー・アラート, カード, リスト, タグ・ラベル, ツールバー","検索, フィルタ・並び替え",通常状態,中,エリア・日付・ジャンルの検索条件サマリー表示の下に件数付き検索ボタンを配置し、クーポンバナー・直前閲覧プラン・最近見たスポットの3セクションを縦並びで提示する構成。,
jalan-2024-08-1722742549353-38.webp,Jalan,検索結果,旅行,カード式,"オレンジ(#E07B2A), ホワイト, レッド(価格表示), ゴールド(星評価)","ツールバー, カード, リスト, レーティング, タグ・ラベル, ドロップダウン, バッジ","検索, フィルタ・並び替え",通常状態,中,各カードに2枚の横並び画像・施設名・所在地・星評価+クチコミ件数・大人料金を統一フォーマットで表示し、右下に「おすすめ順」ドロップダウンを固定配置している。,
jalan-2024-08-1722742592846-17.webp,Jalan,カレンダー,観光・体験予約,テーブル,オレンジ（#D4762A系）、ホワイト、ブルー（#2F7FD4系）、ライトグレー,"ボタン, テーブル, アコーディオン, ツールバー, タグ・ラベル, ドロップダウン","選択, 購入・予約",パーシャルステート,中,集合時間・体験時間・料金・予約ボタンの4列テーブル構成で、各行にアコーディオン式の料金詳細（大人/子供/幼児別）を展開できる構造になっている。,
IMG_1519.PNG,Rakuten Travel,検索,旅行,タブ切替,"グリーン (#00B900), ホワイト (#FFFFFF), ピンク (#FF0066)","テキストフィールド, ボタン, 日付・時間選択, タブ・セグメントコントロール, 検索フィールド, バナー・アラート, ボトムナビ, タグ・ラベル, バッジ, ツールバー","検索, フィルタ・並び替え",通常状態,中,ホテル・宿検索画面に目的地入力・日付・部屋数・人数・予算・食事・喫煙条件のフィルタ項目と地図検索ボタンが縦に並んで配置されている。,
IMG_1520.PNG,Rakuten Travel,ホーム,宿泊・旅行,カード式,グリーン（#00843D）、ホワイト、グレー、オレンジ（星評価）,"ボタン, タグ・ラベル, バッジ, カード, カルーセル, ボトムナビ, ツールバー, リスト","検索, フィルタ・並び替え",通常状態,中,検索フィルター（予算・食事・喫煙）、ボーナスレベル表示、ポイントUP告知バナー、最近閲覧した宿泊施設カルーセルが縦方向に積み重なって配置されている。,
IMG_1521.PNG,Rakuten Travel,検索,旅行,リスト式,グリーン（#00B900系）、ホワイト、グレー,"検索フィールド, 日付・時間選択, ステッパー, タグ・ラベル, ボタン, ボトムナビ, バッジ, ツールバー","検索, フィルタ・並び替え",通常状態,中,目的地入力・日程・部屋数・人数の基本条件に加え、予算・温泉・食事・喫煙・ペット等の絞り込みタグが展開表示されており、検索条件の設定と詳細フィルタが1画面に集約されている。,
IMG_1522.PNG,Rakuten Travel,フィルタ・並び替え,旅行,全画面,グリーン（#2E8B57系）、ホワイト、グレー,スライダー、テキストフィールド、ボタン、ツールバー,フィルタ・並び替え,通常状態,低,"1室あたりの宿泊料金を範囲指定するスライダーと最低・最高料金の入力フィールドを組み合わせたフィルタ画面で、現在は下限なし・上限なし（最大200,000円）の初期状態が表示されている。",
IMG_1523.PNG,Rakuten Travel,検索,旅行,リスト式,"グリーン（#00B900系）, ホワイト, ブラック","テキストフィールド, ボタン, 日付・時間選択, タグ・ラベル, 検索フィールド, ボトムナビ, バッジ, ツールバー","検索, フィルタ・並び替え",通常状態,中,宿泊検索フォームに日程・部屋数・人数入力欄を備え、予算・温泉宿・禁煙・高級宿などの絞り込みタグが選択式で並列表示されており、アクティブなタグはグリーンで強調されている。,
IMG_1524.PNG,Rakuten Travel,フィルタ・並び替え,宿泊旅行,リスト式,グリーン（#2EA84F）、ホワイト、グレー,"ボタン, ステッパー, リスト, ツールバー","フィルタ・並び替え, 選択, 購入・予約",通常状態,中,客室数・大人・小学校高学年/低学年・幼児（食事布団付/食事のみ）の計6カテゴリを個別ステッパーで設定できる宿泊人数選択画面で、子どもの年齢区分と食事条件を細分化している。,
IMG_1525.PNG,Rakuten Travel,カレンダー,旅行,全画面,"グリーン (#2D7A2D), ホワイト, ブラック, グレー, レッド, ブルー","ボタン, 日付・時間選択, ツールバー, タグ・ラベル","購入・予約, 選択",通常状態,中,チェックイン（5月6日）とチェックアウト（5月13日）の2点をグリーンの円形マーカーで示し、その間の日付範囲をグレーのハイライトで視覚的に表示する7泊選択済みカレンダーUI。,
IMG_1526.PNG,Rakuten Travel,検索結果,旅行,カード式,"グリーン (#2E8B57系), ホワイト, ブラック","検索フィールド, ボタン, スイッチ・トグル, ドロップダウン, タグ・ラベル, バッジ, カード, カルーセル, ページコントロール, ボトムナビ, バナー・アラート, レーティング, ツールバー","検索, フィルタ・並び替え",通常状態,高,検索結果上部にBonusロイヤルティプログラムのレベル表示・プラン情報トグル・ふるさと納税バナーが縦に重なり、ホテルカードにはカルーセル画像・評価・タグ・説明文が集約されている。,
IMG_1527.PNG,Rakuten Travel,フィルタ・並び替え,旅行,リスト式,グリーン（#00833E）、ホワイト、グレー,"ボタン, ラジオボタン, 検索フィールド, シート, ドロップダウン, タグ・ラベル, バッジ, ツールバー",フィルタ・並び替え,通常状態,中,ボトムシートで「並べ替え」オプション（おすすめ順・料金安い順・料金高い順・評価高い順）を4択ラジオボタンで提示し、現在「おすすめ順」が選択済みの状態で背景には検索結果と楽天会員限定クーポン適用済みの料金情報が表示されている。,
IMG_1528.PNG,Rakuten Travel,フィルタ・並び替え,旅行,リスト式,グリーン（#2E7D32系）、ホワイト、グレー,"スライダー, テキストフィールド, ボタン, タグ・ラベル, ツールバー",フィルタ・並び替え,通常状態,低,予算範囲をスライダーと直接入力フィールドの併用で設定でき、人気絞り込み条件（禁煙ルームが選択済み）をタグ形式で複数選択できる構成になっている。,
IMG_1529.PNG,Rakuten Travel,フィルタ・並び替え,宿泊旅行,リスト式,"白, 緑, グレー, 黒","ボタン, タグ・ラベル, ツールバー, リスト",フィルタ・並び替え,通常状態,中,宿タイプ・特別な宿・サステナブル・食事の4カテゴリをセクションヘッダーで区切り、選択中の「高級宿」のみ緑色でハイライトされたピルボタン群と、下部固定の「すべてクリアする」「確定する」ボタンで構成されたフィルター画面。,
IMG_1530.PNG,Rakuten Travel,検索結果,旅行,カード式,"グリーン (#00B900系), ホワイト, ブラック, レッド","検索フィールド, ボタン, タグ・ラベル, バッジ, カード, カルーセル, ページコントロール, レーティング, ボトムナビ, ツールバー, フロートボタン, ドロップダウン","検索, フィルタ・並び替え, 購入・予約",通常状態,高,検索結果カードにホテル画像カルーセル・評価・タグ・プラン詳細・通常料金と割引後料金・クーポン適用額・ポイント還元率が1枚のカード内に集約されている。,
IMG_1531.PNG,Rakuten Travel,検索結果,旅行,カード式,"グリーン (#00B900), ホワイト, ブラック, レッド","検索フィールド, ボタン, タグ・ラベル, カード, バッジ, ボトムナビ, ドロップダウン, ツールバー, バナー・アラート, リスト","検索, フィルタ・並び替え, 購入・予約",通常状態,高,1件の宿泊プランカードに料金・割引クーポン適用額・獲得ポイント・禁煙/食事/面積などの室内情報を集約表示し、ふるさと納税クーポンバナーと「すべてのプランを見る」CTAを直下に配置している。,
IMG_1532.PNG,Rakuten Travel,クーポン・リワード,旅行,全画面,緑（#00B900系）、赤、白、黄みがかったベージュ,"バナー・アラート, タグ・ラベル, カード, リスト, ツールバー",選択,通常状態,中,楽天トラベルと楽天ふるさと納税の連携説明ページで、ふるさと納税寄付による宿泊割引クーポン取得の仕組みをテキストとモックアップ画像で構成して説明している。,
IMG_1533.PNG,Rakuten Travel,検索結果,旅行,カード式,"グリーン (#00A651), ホワイト (#FFFFFF), ブラック (#000000)","ボタン, タブ・セグメントコントロール, 日付・時間選択, ドロップダウン, ボトムナビ, タグ・ラベル, バッジ, カード, カルーセル, ページコントロール, ツールバー","検索, フィルタ・並び替え, 購入・予約",通常状態,中,ホテル詳細画面内の「部屋・プラン」タブにて、日付・人数指定・禁煙フィルタ・料金安い順の並び替えが組み合わされ、26件のプラン一覧がカード形式で表示されている。,
IMG_1534.PNG,Rakuten Travel,検索結果,旅行,カード式,"グリーン (#00B900系), ホワイト, ブラック","ボタン, タブ・セグメントコントロール, 日付・時間選択, ドロップダウン, タグ・ラベル, バッジ, カード, カルーセル, ページコントロール, ボトムナビ, ツールバー, リスト","検索, フィルタ・並び替え, 購入・予約",通常状態,中,日程・人数の検索条件バーと「部屋/プラン」のタブ切替、禁煙フィルタ・料金安い順ソートが上部に集約され、その下に部屋カード（写真カルーセル・室内スペック情報付き）が8件リスト表示される構成。,
IMG_1535.PNG,Rakuten Travel,コンテンツ詳細,宿泊/旅行,カード式,グリーン（#00844C）、ホワイト、ブラック,ボタン、ページコントロール、ボトムナビ、タブ・セグメントコントロール、カード、タグ・ラベル、バッジ、ツールバー,購入・予約,通常状態,高,客室詳細ページにおいて、通常価格・割引後価格・クーポン適用額・獲得ポイントの4段階の料金情報を1カード内に集約し、空室確認と予約の2アクションボタンを横並びに配置している。,
IMG_1536.PNG,Rakuten Travel,コンテンツ詳細,旅行,カード式,"グリーン (#00B900系), ホワイト, ブラック, レッド","ボタン, タブ・セグメントコントロール, カード, リスト, タグ・ラベル, バッジ, ツールバー, ボトムナビ","購入・予約, 選択",通常状態,高,宿泊プランカードに定価・割引後価格・クーポン適用額・獲得ポイントを重層的に表示し、空室確認と予約への2アクションボタンを並列配置している。,
IMG_1537.PNG,Rakuten Travel,コンテンツ詳細,旅行,カード式,"グリーン (#4CAF50系), ホワイト, ブラック, レッド","ボタン, タブ・セグメントコントロール, カード, リスト, タグ・ラベル, バッジ, ボトムナビ, ツールバー","選択, 購入・予約",通常状態,高,各プランカードに定価・割引後価格・楽天会員限定クーポン割引額・獲得ポイントの4段階の価格情報が縦積みで表示され、空室確認と予約の2つのCTAボタンが横並びで配置されている。,
IMG_1538.PNG,Rakuten Travel,カレンダー,宿泊/旅行,グリッド,"グリーン (#2E7D32系), ホワイト, レッド, ブラック","ボタン, 日付・時間選択, テーブル, タグ・ラベル, ツールバー, ステッパー","購入・予約, 選択",通常状態,中,"チェックイン日(5/6)のみ価格(17,400円)と空室マーク(○)が表示され、他の日付はすべて×(満室)で埋まっており、選択可能日が極めて限定されている構成。",
IMG_1539.PNG,Rakuten Travel,クーポン・リワード,宿旅,カード式,"グリーン (#00B900系), レッド (#E60000系), ホワイト, グレー","カード, シート, タグ・ラベル, ツールバー, タブ・セグメントコントロール, ボタン, リスト, バッジ","購入・予約, 選択",パーシャルステート,中,"ボトムシートとして「適用済みの割引」モーダルが重なって表示され、合計割引額（-2,958円）と3種のクーポン内訳（宿クーポン・カード限定5%OFF・ボーナスプログラム）がカード形式で一覧化されている。",
IMG_1540.PNG,Rakuten Travel,コンテンツ詳細,旅行,カード式,"グリーン (#00B900系), ホワイト, ブラック","カルーセル, ページコントロール, タグ・ラベル, バッジ, ボタン, アコーディオン, ツールバー",購入・予約,通常状態,中,宿泊プランの詳細画面で、カルーセル画像・プラン概要・食事/決済条件・説明文・有効期間・キャンセルポリシーが縦スクロール形式で1画面に集約されている。,
IMG_1541.PNG,Rakuten Travel,検索結果,旅行,カード式,"白, 黒, 緑, オレンジ","ボタン, タグ・ラベル, カード, カルーセル, ドロップダウン, 日付・時間選択, ツールバー, バッジ","検索, フィルタ・並び替え, 購入・予約",通常状態,高,キャンセルポリシー・日程・人数・フィルター条件を上部に集約し、該当8件の客室カードを料金安い順で表示、楽天会員限定クーポン割引額を価格の直下に明示している。,
IMG_1542.PNG,Rakuten Travel,おすすめ・類似アイテム,宿泊/旅行,カード式,"白, 緑, 赤, グレー","ボタン, カード, カルーセル, タグ・ラベル, バッジ, リスト, ツールバー","選択, 購入・予約",通常状態,高,プラン固定・部屋タイプ選択画面で、各部屋カードに複数画像カルーセル・スペック情報・割引クーポン適用済み価格・獲得ポイントが一括表示され、緑のCTAボタンで即予約導線が設置されている。,
IMG_1543.PNG,Rakuten Travel,検索結果,旅行,カード式,グリーン（#2C9A44）、ホワイト、レッド、ゴールド,ボタン、カード、カルーセル、タグ・ラベル、バッジ、リスト,"検索, 購入・予約",通常状態,高,各客室カードに元値・割引後価格・クーポン割引額・獲得ポイント・残室数を縦積みで表示し、価格情報を多層構造で提示している。,
IMG_1544.PNG,Rakuten Travel,購入・予約,旅行,カード式,緑（#00B900系）、赤（#E03C31系）、白、グレー,"テキストフィールド, ボタン, ステッパー, タグ・ラベル, カード, ツールバー, バッジ",購入・予約,通常状態,中,2ステップ構成の予約フローにおいてSTEP1の情報入力画面で、割引前後の料金・税抜/税込を併記したサマリーカードと宿泊者情報入力フォームが縦に配置され、画面下部に固定された合計金額と予約確定ボタンが常時表示されている。,
IMG_1545.PNG,Rakuten Travel,購入・予約,宿泊/旅行,リスト式,赤（#BF0000系）、白、グレー、オレンジ（警告色）,"ボタン, アコーディオン, バナー・アラート, リスト, タグ・ラベル, ツールバー",購入・予約,通常状態,高,キャンセルポリシーをタイムライン形式で段階的に表示し、現在該当する条件（当日80%）をオレンジ色でハイライトしている。,
IMG_1546.PNG,Rakuten Travel,クーポン・リワード,旅行,リスト式,"白, 緑(薄), 赤, 黒","ボタン, テーブル, リスト, タグ・ラベル, バナー・アラート, ツールバー","購入・予約, 選択",通常状態,高,"クーポン3種（-1,740円/-870円/-348円）が自動選択済みで表示され、合計14,442円の支払い金額と4,557ポイント利用可能情報が同一画面に集約されている。",
IMG_1547.PNG,Rakuten Travel,コンテンツ詳細,宿泊・旅行,タブ切替,"グリーン (#00A651系), ホワイト, ブラック, レッド","ボトムナビ, タブ・セグメントコントロール, カルーセル, ページコントロール, レーティング, タグ・ラベル, バッジ, ツールバー, バナー・アラート, リスト, カード",選択,通常状態,中,ホテル詳細画面にて「施設紹介/部屋・プラン/写真/地図/クチコミ」の5タブ構成を採用し、夜景写真のカルーセル(1/15)・評価スコア・Bonusレベルバッジ・改装工事アラートを縦スクロール上に配置している。,
IMG_1548.PNG,Rakuten Travel,コンテンツ詳細,旅行,タブ切替,"グリーン (#00A651系), ホワイト, ブラック, オレンジ (星評価)","ボトムナビ, タブ・セグメントコントロール, レーティング, リスト, カード, ツールバー, バッジ, タグ・ラベル, グラフ",選択,通常状態,中,"施設紹介ページ内に「基本情報／宿ニュース／セルフチェックイン・アウト」のサブタブを持ち、アクセス情報と星別件数の棒グラフ付きクチコミサマリー（23,867件・評価4.01）を同一スクロール画面内に並列表示している。",
IMG_1549.PNG,Rakuten Travel,コンテンツ詳細,宿泊旅行,タブ切替,グリーン（#00A651系）、ホワイト、オレンジ（客室画像内）,"ボタン, タブ・セグメントコントロール, ボトムナビ, カード, カルーセル, レーティング, アバター, タグ・ラベル, ツールバー, 日付・時間選択, ステッパー","検索, 購入・予約",通常状態,中,施設詳細ページ内に「施設紹介/部屋・プラン/写真/地図/クチコミ」の5タブナビゲーションと、部屋検索用の日付・人数指定フィールド、部屋／プランのセグメントコントロールが同一画面に統合されている。,
IMG_1550.PNG,Rakuten Travel,コンテンツ詳細,宿泊・旅行,カード式,"グリーン (#00A550系), ホワイト, ブラック","ボトムナビ, タブ・セグメントコントロール, カード, カルーセル, タグ・ラベル, ボタン, ツールバー, リスト","選択, 購入・予約",通常状態,高,ホテルの客室タイプごとにカード形式で複数画像・室内スペック・最低料金を並列表示し、各カード下部に「選択できるプラン」のアコーディオン展開ボタンを配置している。,
IMG_1551.PNG,Rakuten Travel,コンテンツ詳細,旅行,カード式,"白, 緑, 赤, オレンジ","ボタン, タブ・セグメントコントロール, カルーセル, カード, タグ・ラベル, ツールバー, ボトムナビ, リスト","選択, 購入・予約",通常状態,高,ホテル客室詳細ページに、部屋スペック（面積・定員・設備）とプラン別料金・ポイント還元率・決済条件を同一画面内に集約し、空室確認CTAボタンへ直結する構成になっている。,
IMG_1552.PNG,Rakuten Travel,コンテンツ詳細,旅行,カード式,"グリーン (#00b050), ホワイト (#ffffff), ブラック (#000000), レッド (#e60026)","ボタン, タブ・セグメントコントロール, カード, リスト, タグ・ラベル, ツールバー, ボトムナビ, バッジ","選択, 購入・予約",通常状態,中,ホテル詳細ページの施設紹介タブ内に複数の宿泊プランをカード形式で表示し、各カードに税込価格・ポイント還元率・空室確認ボタンを配置している。,
IMG_1553.PNG,Rakuten Travel,コンテンツ詳細,旅行,カード式,"白, 緑, オレンジ（客室写真）, ダークブラウン","ツールバー, カルーセル, ページコントロール, タグ・ラベル, バッジ, リスト, アコーディオン",選択,通常状態,中,客室タイプ詳細ページにおいて、カルーセル画像・ベッド種別・広さ・定員・設備アイコン・テキスト説明・備品リストを縦スクロール形式で一画面に集約して表示している。,
IMG_1554.PNG,Rakuten Travel,コンテンツ詳細,宿泊・旅行,リスト式,"ホワイト (#FFFFFF), ブラック (#000000), グレー (#8E8E93)","シート, リスト, ツールバー",選択,通常状態,高,ボトムシート形式で部屋の備品・設備一覧を2カラムのテキストリストとして表示しており、貸出・一部提供の区別をカッコ書きで付記している。,
IMG_1555.PNG,Rakuten Travel,コンテンツ詳細,旅行,リスト式,"グリーン (#00A651), ホワイト, ブラック, レッド","ボトムナビ, タブ・セグメントコントロール, カード, リスト, ツールバー, タグ・ラベル, バッジ",選択,通常状態,中,施設詳細ページ内に「基本情報」「宿ニュース」「駐車場」セクションが縦並びで構成され、宿ニュースはサムネイル付きカードリスト3件と「すべて見る」リンクで表示されている。,
IMG_1556.PNG,Rakuten Travel,コンテンツ詳細,宿旅,タブ切替,"グリーン (#00A650), ホワイト, ブラック, レッド","ボタン, タブ・セグメントコントロール, ボトムナビ, リスト, カード, ツールバー, タグ・ラベル, バッジ","選択, 購入・予約",通常状態,中,ホテル詳細ページに施設紹介・部屋プラン・写真・地図・クチコミの5タブ構成を採用し、基本情報セクションにチェックイン時間・総部屋数・電話番号・FAX番号を構造化表示している。,
IMG_1557.PNG,Rakuten Travel,コンテンツ詳細,旅行,リスト式,グリーン（#00A040）、ホワイト、ブラック,タブ・セグメントコントロール、ボトムナビ、ツールバー、リスト、タグ・ラベル、バッジ,選択,通常状態,中,ホテル施設詳細ページで「駐車場」「館内設備」「部屋設備・備品」の3セクションが縦並びリスト形式で表示され、各セクションに「もっと見る」の展開リンクが設置されている,
IMG_1558.PNG,Rakuten Travel,コンテンツ詳細,宿旅,リスト式,"グリーン (#00B900系), ホワイト, ブラック","ボトムナビ, タブ・セグメントコントロール, リスト, タグ・ラベル, ツールバー",選択,通常状態,中,ホテル施設詳細ページの基本情報タブ内に、設備・サービス一覧・利用可能クレジットカード（4種）・領収書発行情報・条件注意事項をセクション分割して縦スクロール形式で表示している。,
IMG_1559.PNG,Rakuten Travel,コンテンツ詳細,宿泊・旅行,タブ切替,グリーン（#00A550系）、ホワイト、ブラック,ツールバー/タブ・セグメントコントロール/アコーディオン/カード/カルーセル/ボトムナビ/バッジ,検索,通常状態,低,施設詳細ページの「基本情報」タブ内に、よくある質問のアコーディオンリストとトラベルガイドの横スクロールカードが縦に並んで配置されている。,
IMG_1560.PNG,Rakuten Travel,プロモーション,旅行,カード式,"白, 緑, 黄色, 青緑","ボトムナビ, カード, カルーセル, バナー・アラート, タグ・ラベル, ボタン",該当なし,通常状態,中,「特集・キャンペーン」と「ピックアップ」の2セクションに分かれ、それぞれ横スクロール可能なカルーセル形式でプロモーションカードを表示している。,
IMG_1561.PNG,Rakuten Travel,プロモーション,旅行,リスト式,"ホワイト, グリーン (#00B259系), ブラック","ボタン, ボトムナビ, リスト, タグ・ラベル",検索,通常状態,低,「テーマパーク周辺の宿を探す」セクションに5つのテーマパーク（東京ディズニーリゾート・USJ・ハウステンボス・ジャングリア沖縄・レゴランドJapan）がアイコン付きリスト形式で並び、その下に「宿の種類から探す」セクションが続く縦スクロール構成。,
IMG_1562.PNG,Rakuten Travel,クーポン・リワード,旅行,タブ切替,"グリーン (#00B900), ホワイト, イエロー","バナー・アラート, タグ・ラベル, バッジ, タブ・セグメントコントロール, ツールバー, アバター",該当なし,通常状態,低,ログインユーザーの現在ポイント残高とボーナスレベル（レベル0）をヘッダー直下に表示し、全画面グリーンのプロモーションバナーとキャラクターイラストでボーナスプログラムを訴求する構成。,
IMG_1563.PNG,Rakuten Travel,クーポン・リワード,旅行,カード式,"グリーン (#00B900系), ホワイト, ブラック, レッド","バナー・アラート, カード, タグ・ラベル, バッジ, ボタン, テーブル, ページコントロール, ツールバー",該当なし,通常状態,中,ボーナスプログラムのレベル進捗状況と、決済方法および出発日（チェックイン日）の時期別に還元率の差異をテーブル形式で明示したカードUIが中央に配置されている。,
IMG_1564.PNG,Rakuten Travel,クーポン・リワード,旅行,カード式,緑（#00B900系）、白、ライトグリーン背景,"ボタン, カード, バナー・アラート, タグ・ラベル, ページコントロール, ツールバー, リスト",選択,通常状態,中,クーポン割引率（最大6%OFF）とボーナスプログラム説明（最大7%ポイントアップ）を上下2セクションに分けて提示し、対象施設への導線ボタンを複数配置した構成。,
IMG_1565.PNG,Rakuten Travel,クーポン・リワード,旅行,カード式,"グリーン, ホワイト, ブラック","カード, バナー・アラート, レーティング, ツールバー, タグ・ラベル",該当なし,通常状態,中,ポイントアップの流れをSTEP1・STEP2のカード形式で順序立てて説明し、画面下部にオーバーレイ形式の1〜5段階満足度アンケートバナーが表示されている。,
IMG_1566.PNG,Rakuten Travel,クーポン・リワード,旅行,カード式,"グリーン (#00B900), ホワイト, ブラック","カード, ツールバー, タグ・ラベル, バッジ",該当なし,通常状態,中,ポイントアップ獲得までの流れをSTEP1〜3の縦並びカード構成で段階的に説明するガイド画面。,
IMG_1567.PNG,Rakuten Travel,プロモーション,旅行,カード式,緑（#4CAF50系）、白、赤（価格表示）,"ボタン, タブ・セグメントコントロール, カード, カルーセル, タグ・ラベル, バッジ, ツールバー",選択,通常状態,中,「楽天トラベルボーナスプログラム」専用画面内で、地域タブ切替とカテゴリ別（高級宿・温泉宿）の横スクロールカルーセルによりBonus対象施設をランキング形式で表示している。,
agoda-416-1752448315092-6.webp,Agoda,ホーム,旅行,カード式,"白, ピンク, 紫, 緑, 青","検索フィールド, カード, バナー・アラート, ボトムナビ, タグ・ラベル, バッジ, ツールバー, リスト, カルーセル",検索,通常状態,高,ホテル・航空券・アパートなど複数カテゴリのカードと、電車・バス・フェリー等のアイコンナビゲーション、新規ユーザー向けウェルカムオファーおよびVIPステータス訴求セクションが縦に並列配置されている。,
agoda-416-1752448315384-7.webp,Agoda,ホーム,旅行,カード式,"白, ピンク, パープル, ブルー, オレンジ, グリーン","検索フィールド, カード, ボトムナビ, バッジ, タグ・ラベル, リスト, カルーセル, ツールバー, ボタン",検索,通常状態,高,ホテル・航空券・航空券+ホテル・遊び体験・アパートの5カテゴリカードと、空港送迎・レンタカー・eSIM・電車・バス・フェリーのサービスアイコン行を組み合わせ、旅行関連サービスを一画面に集約したハブ構造になっている。,
agoda-416-1752448316078-9.webp,Agoda,ホーム,旅行,カード式,"白, 緑, 赤, オレンジ","ボタン, カード, カルーセル, ボトムナビ, タグ・ラベル, バッジ, レーティング, リスト","検索, 購入・予約",通常状態,高,移動手段予約・追加宿泊提案・期間限定セールの3セクションを縦スクロール構造で配置し、割引率バッジと評価スコアを各カードに明示している,
agoda-416-1752448316417-10.webp,Agoda,ホーム,宿泊/旅行,カード式,"白, 紺, 赤, オレンジ(星), 紫(プログレスバー)","カード, カルーセル, タグ・ラベル, バッジ, レーティング, ボトムナビ, ツールバー, リスト","検索, 選択",通常状態,高,「期間限定セール（割引率バッジ付き）」と「最近チェックした宿泊施設」の2セクションを縦に並べ、各セクション内は横スクロール可能なカルーセル形式でホテル情報（価格・評価・予約数）を表示している。,
agoda-416-1752448316743-11.webp,Agoda,ホーム,旅行,カード式,"白, 青, 赤, オレンジ, 紫","ボタン, ボトムナビ, タブ・セグメントコントロール, カード, カルーセル, バナー・アラート, タグ・ラベル, バッジ","検索, 選択",通常状態,高,「おトク情報」「航空券・遊び体験プロモーション」「VIPステータス」「ダナンの宿泊先」の4セクションが縦並びで構成され、各セクション内にカルーセル形式のバナーカードが横スクロール可能な形で配置されている。,
agoda-416-1752448317113-12.webp,Agoda,おすすめ・類似アイテム,旅行,グリッド,"ホワイト, ブルー, グレー","ボタン, タグ・ラベル, カード, ボトムナビ, バッジ, ツールバー","検索, 選択",通常状態,中,ダナンの宿泊先を2カラムのグリッドレイアウトで表示し、上部にフィルタタグ（おすすめ・ビーチ・優れたサービス）を横スクロール形式で配置している。,
agoda-416-1752448317775-14.webp,Agoda,プロモーション,旅行,全画面,"白, 青, オレンジ, ゴールド","ボタン, ダイアログ, バナー・アラート, タグ・ラベル, バッジ, ボトムナビ, 検索フィールド, カード",選択,通常状態,低,モーダルダイアログ形式で割引クーポン取得を促すポップアップが画面中央に表示され、トランクとコインのイラストによる視覚的訴求と24時間限定の緊急性メッセージを組み合わせたプロモーション構成になっている。,
agoda-416-1752448319150-18.webp,Agoda,クーポン・リワード,旅行,カード式,"白, 水色, 青","テキストフィールド, ボタン, カード, リスト, タグ・ラベル, ツールバー","選択, 購入・予約",通常状態,低,プロモコード入力フィールドと、アプリ予約回数に応じた最大7%割引クーポン2枚をカード形式で一覧表示する構成になっている。,
agoda-416-1752448319454-19.webp,Agoda,クーポン・リワード,宿泊・旅行,カード式,"グリーン（#00BF6F）, ホワイト, ライトグレー","テキストフィールド, ボタン, カード, バナー・アラート, タグ・ラベル, ツールバー","選択, 購入・予約",通常状態,中,"2枚のクーポン（4回目・5回目のアプリ予約、各Up to 7%オフ、有効期限2025年9月30日）をカード形式で一覧表示し、推定割引額¥2,596と最大割引クーポンの自動適用の告知バナー、プロモコード入力フィールドを上部に配置した構成。",
agoda-416-1752448320213-21.webp,Agoda,クーポン・リワード,旅行,カード式,"ブルー (#1B6FD8), ホワイト, ライトブルー (背景)",テキストフィールド/ボタン/検索フィールド/カード/リスト/タグ・ラベル/ツールバー,選択/購入・予約,通常状態,中,プロモーコード入力フィールドと既存クーポン一覧（4回目・5回目のアプリ予約用、最大7%割引、有効期限2025年9月30日）が同一画面に共存し、コード入力と既存クーポン適用の2経路を提供している。,
agoda-416-1752448351486-29.webp,Agoda,検索,旅行,カード式,"ピンク, ブルー, ホワイト","タブ・セグメントコントロール, 検索フィールド, 日付・時間選択, ステッパー, チェックボックス, ボタン, カード, タグ・ラベル, バッジ",検索,通常状態,中,宿泊とデイユースのタブ切替、チェックイン・アウト日付、部屋数・人数、期間限定割引オプション（最大20% OFF）を1画面に集約した検索フォームと、下部に割引クーポンカルーセルを併置した構成。,
agoda-416-1752448351835-30.webp,Agoda,検索,旅行,タブ切替,"ピンク, ホワイト, ブルー, ライトグレー","タブ・セグメントコントロール, 検索フィールド, 日付・時間選択, ステッパー, ボタン, カード, カルーセル, バナー・アラート, タグ・ラベル",検索,通常状態,中,「宿泊」と「デイユース」の2タブ構成で、デイユース選択時に日帰り短時間利用の説明バナーが表示され、場所・日付・人数の3ステップ入力フォームと割引クーポンカルーセルが同一画面に配置されている。,
agoda-416-1752448352152-31.webp,Agoda,検索,旅行,リスト式,"白, 赤, 青, ダークグレー","タブ・セグメントコントロール, 検索フィールド, 日付・時間選択, シート, リスト, バナー・アラート, ツールバー, タグ・ラベル","検索, 選択",通常状態,中,ボトムシートで「日帰り・デイユース（4〜12時間）」の機能説明が3項目のアイコン付きリストで表示され、背景の検索画面ではタブ切替で「宿泊」と「デイユース」の2モードが選択可能な構成になっている。,
agoda-416-1752448353823-36.webp,Agoda,カレンダー,旅行,全画面,"ブルー (#1A73E8系), ホワイト, ブラック","ボタン, 日付・時間選択, ツールチップ, ツールバー","編集, 選択, 購入・予約",通常状態,低,チェックイン日(8/25)からチェックアウト日(8/29)までの範囲が青いハイライトで視覚的に強調され、選択中の泊数(4泊)がツールチップとボトムボタンの両方に同時表示される二重フィードバック構造になっている。,
agoda-416-1752448354599-38.webp,Agoda,検索,旅行,カード式,ピンク／ホワイト／ブルー,"検索フィールド, 日付・時間選択, ステッパー, チェックボックス, ボタン, タグ・ラベル, カード, タブ・セグメントコントロール, バッジ, ツールバー",検索,通常状態,中,宿泊／デイユースのタブ切替、目的地・日程・人数の入力フォーム、期間限定割引チェックボックス（最大20% OFF）、割引クーポンカルーセルが1画面内に縦並びで配置されている。,
agoda-416-1752448355295-40.webp,Agoda,検索結果,旅行,カード式,"白, 緑, 赤, 青","検索フィールド, カード, カルーセル, バナー・アラート, タグ・ラベル, バッジ, レーティング, ボタン, ツールバー, フロートボタン","検索, フィルタ・並び替え, 購入・予約",通常状態,高,検索結果カードに残室数警告・割引率・クーポン適用済み表示・星評価・クチコミ件数・SNS映えランキングバッジを同時表示し、上部に60分限定10%OFFの時間制限バナーを配置している。,
agoda-416-1752448355695-41.webp,Agoda,検索結果,宿泊旅行,カード式,"ブルー, ホワイト, レッド, オレンジ","検索フィールド, カード, カルーセル, タグ・ラベル, バッジ, レーティング, ボタン, ツールバー, ドロップダウン, バナー・アラート","検索, フィルタ・並び替え, 購入・予約",通常状態,高,各ホテルカードに割引率・クーポン適用済み価格・口コミ件数・受賞バッジを重畳表示し、価格比較情報を一画面に高密度で集約している。,
agoda-416-1752448356129-42.webp,Agoda,検索結果,宿泊/旅行,カード式,ホワイト、ブルー、オレンジ（星評価）、グレー,検索フィールド、ボタン、カード、カルーセル、タグ・ラベル、バッジ、レーティング、ツールバー、バナー・アラート,検索、フィルタ・並び替え、購入・予約,パーシャルステート,高,SOLD OUTバッジと過去30日間の平均予約料金を併記したカードレイアウトに加え、長期滞在割引（最大20% OFF）の訴求バナーを検索結果上部に配置している。,
agoda-416-1752448356508-43.webp,Agoda,検索結果,旅行,カード式,"白, 赤, 青, オレンジ","カード, カルーセル, タグ・ラベル, バッジ, レーティング, ボタン, 検索フィールド, ツールバー, ドロップダウン","検索, フィルタ・並び替え",通常状態,高,各ホテルカードに割引率・元値・割引後価格・キャッシュバック適用額を重畳表示し、価格訴求情報を多層的に提示している。,
agoda-416-1752448358319-48.webp,Agoda,設定,旅行,リスト式,"ホワイト, ブラック, ブルー（#1A73E8系）, ライトグレー","チェックボックス, 検索フィールド, リスト, ツールバー, タグ・ラベル","設定変更, 選択",通常状態,中,料金表示方法の選択（合計/1泊平均）と通貨選択（推奨通貨＋全通貨リスト）を1画面にまとめたモーダルシート構成で、現在選択中の項目がチェックマークと青色テキストで強調表示されている。,
agoda-416-1752448368530-0.webp,Booking.com,フィルタ・並び替え,旅行,リスト式,"ホワイト (#FFFFFF), ブルー (#003580), ブラック (#000000), オレンジ (#F5A623)","ボタン, スライダー, タグ・ラベル, レーティング, アコーディオン, ツールバー",フィルタ・並び替え,通常状態,中,星評価・料金範囲・クチコミスコア・エリアの4カテゴリをアコーディオン形式で展開し、選択済み条件を画面上部にタグとして表示する構成になっている。,
agoda-416-1752448368857-1.webp,Booking.com,フィルタ・並び替え,旅行,リスト式,"ブルー (#0066CC), ホワイト, ブラック, ゴールド（星アイコン）","ボタン, スライダー, タグ・ラベル, レーティング, アコーディオン, ツールバー",フィルタ・並び替え,通常状態,中,星評価（1〜5）・料金範囲スライダー・クチコミスコア（6以上〜9以上）・エリアの4カテゴリをアコーディオン形式で縦に並べ、選択済み条件を画面上部にタグとして表示する構成。,
agoda-416-1752448369182-2.webp,Agoda,フィルタ・並び替え,宿泊/旅行,リスト式,"ホワイト (#FFFFFF), ブルー (#1B4FE4), グレー (#F5F5F5)","チェックボックス, ボタン, アコーディオン, リスト, ツールバー",フィルタ・並び替え,通常状態,中,エリア（ウブド・チャングー・スミニャック）と宿泊施設タイプ（ホテル）の2セクションをアコーディオン形式で展開し、チェックボックスによる複数選択と「さらに表示」リンクによる項目の段階的開示を組み合わせた構成になっている。,
agoda-416-1752448369503-3.webp,Agoda,フィルタ・並び替え,旅行,リスト式,"ホワイト (#FFFFFF), ブルー (#1A73E8), ゴールド/オレンジ (★アイコン), ダークグレー (#333333)","チェックボックス, アコーディオン, ボタン, タグ・ラベル, レーティング, ツールバー",フィルタ・並び替え,通常状態,低,「バリ島でよく使われる条件」と「設備・サービス」の2セクションがアコーディオン形式で展開され、各項目はチェックボックス選択式、下部に「クリア」と「条件検索」の固定CTAボタンが配置されている。,
agoda-416-1752448369827-4.webp,Agoda,フィルタ・並び替え,旅行,リスト式,"ホワイト (#FFFFFF), ブルー (#1A73E8), ダークグレー (#333333)","シート, リスト, ツールバー, タグ・ラベル, バッジ","フィルタ・並び替え, 選択",通常状態,低,ボトムシート形式の並び替えモーダルに6つのソートオプションが縦リストで表示され、現在選択中の「条件とのマッチ度が高い順」がブルーのテキストとチェックマークで視覚的に区別されている。,
agoda-416-1752448370157-5.webp,Agoda,検索結果,旅行,カード式,"ホワイト, ブルー, レッド, グリーン","ボタン, 検索フィールド, カード, カルーセル, バナー・アラート, タグ・ラベル, バッジ, レーティング, ドロップダウン, ツールバー","検索, フィルタ・並び替え, 購入・予約",ローディングステート,高,検索結果カードに割引率・価格・クチコミ評価・朝食込みなどの複数情報を集約し、60分限定10%OFFの時間制約バナーと計算中ローディング状態が同時表示されている。,
agoda-416-1752448370820-7.webp,Agoda,フィルタ・並び替え,旅行,シート,"ブルー (#1B4FE4), ホワイト (#FFFFFF), レッド (#E53935)","スライダー, ボタン, バナー・アラート, カード, カルーセル, タグ・ラベル, バッジ, レーティング, ツールバー, 検索フィールド",フィルタ・並び替え,パーシャルステート,中,"ボトムシートで料金範囲フィルターが表示され、¥0〜¥576,920のレンジスライダーと該当施設数（21,571軒）がリアルタイム表示されている。",
agoda-416-1752448372486-12.webp,Agoda,検索結果,旅行,カード式,"ブルー, ホワイト, オレンジ","検索フィールド, バナー・アラート, カード, カルーセル, タグ・ラベル, バッジ, レーティング, ボタン, ツールバー, ドロップダウン, フロートボタン","検索, フィルタ・並び替え, 購入・予約",ローディングステート,高,ホテルカード内に「計算中です...」の価格ローディング表示と取り消し線付き元値・キャッシュバック後価格・クーポンコードの多段階割引情報が重畳表示されている。,
agoda-416-1752448373759-15.webp,Agoda,検索,旅行,カード式,"ブルー (#1B70E0), ホワイト, レッド","テキストフィールド, ボタン, チェックボックス, 日付・時間選択, タブ・セグメントコントロール, 検索フィールド, シート, カード, タグ・ラベル, バッジ, ツールバー","検索, 選択, 購入・予約",通常状態,中,ボトムシート形式の検索フォームが前面に表示され、目的地・チェックイン/アウト日・人数・部屋数の入力欄と期間限定割引チェックボックス（最大20%OFF）が1画面に集約され、背景に検索結果カードが透けて見える構成になっている。,
agoda-416-1752448374064-16.webp,Agoda,検索,旅行,リスト式,"白, 青, グレー","検索フィールド, リスト, タグ・ラベル, ツールバー",検索,通常状態,中,検索キーワード『ダナン』に対してエリア別の宿泊施設数が青字で右側に表示されたサジェストリストが展開されており、日本語キーボードが画面下半分を占有している。,
agoda-416-1752448375111-19.webp,Agoda,検索結果,旅行,カード式,"白, 青, 赤, オレンジ","検索フィールド, バナー・アラート, カード, カルーセル, レーティング, タグ・ラベル, バッジ, ボタン, ドロップダウン, ツールバー","検索, フィルタ・並び替え, 購入・予約",通常状態,高,期間限定10%OFFバナーを最上部に配置し、割引前後の価格・クーポンコード・ランキングバッジ・スコアを1カード内に集約して訴求している。,
agoda-416-1752448376187-22.webp,Agoda,コンテンツ詳細,宿泊旅行,カード式,"ホワイト, ブルー, レッド, オレンジ（星評価）","ボタン, レーティング, ページコントロール, 検索フィールド, カルーセル, タグ・ラベル, バッジ, ツールバー, フロートボタン","検索, 購入・予約",通常状態,中,ホテル写真カルーセル（84枚）を最上部に配置し、ホテル名・星評価・位置情報・クチコミスコア・最安値・無料キャンセル情報を縦に積み上げ、固定フッターに最安値と全プラン表示CTAボタンを常時表示する構成になっている。,
agoda-416-1752448376507-23.webp,Booking.com,コンテンツ詳細,旅行,リスト式,"白, 紺青, 緑, 赤","ボタン, タブ・セグメントコントロール, 検索フィールド, フロートボタン, リスト, タグ・ラベル, ツールバー","検索, 購入・予約",通常状態,中,施設の注目ポイント・設備サービス・口コミスコアをセクション分けしたリスト構成で表示し、画面下部に最安値と全プラン表示CTAを固定配置している。,
agoda-416-1752448376851-24.webp,Booking.com,口コミ・レビュー,宿泊旅行,カード式,"白, 青, 赤","ボタン, タブ・セグメントコントロール, 検索フィールド, カード, カルーセル, マップ, レーティング, ツールバー, リスト","検索, 購入・予約",通常状態,中,クチコミスコア（9.1）とロケーション評価（9.5）を分けて表示し、実際のユーザーレビューカードと地図を同一画面内に配置している構成。,
agoda-416-1752448377201-25.webp,Agoda,コンテンツ詳細,宿泊旅行,タブ切替,"ブルー (#1A73E8系), ホワイト, ブラック, レッド（価格表示）","ボタン, タブ・セグメントコントロール, 検索フィールド, リスト, カード, バナー・アラート, タグ・ラベル, フロートボタン, ツールバー","検索, 購入・予約",通常状態,中,ホテル詳細ページの「ロケーション」タブが選択された状態で、観光スポットカテゴリフィルターボタン・距離付きリスト・ホテル概要テキスト・最安値と予約CTAボタンが固定フッターに配置されている構成。,
agoda-416-1752448377586-26.webp,Agoda,コンテンツ詳細,旅行,リスト式,"ブルー (#1A5EAB), ホワイト (#FFFFFF), ブラック (#000000), レッド (#FF0000)","タブ・セグメントコントロール, リスト, ボタン, フロートボタン, ツールバー, タグ・ラベル","選択, 購入・予約",通常状態,中,チェックイン/チェックアウト時間・交通アクセス・朝食料金をアイコン付きセクションで構造化表示し、最下部に最安値と全プラン表示CTAボタンを固定配置している。,
agoda-416-1752448377973-27.webp,Agoda,コンテンツ詳細,宿泊旅行,タブ切替,"ホワイト, ネイビーブルー, レッド, グリーン","ボタン, タブ・セグメントコントロール, 検索フィールド, フロートボタン, リスト, タグ・ラベル, ツールバー","検索, 購入・予約",通常状態,中,「宿泊施設について」タブが選択された状態で、クイックアンサー機能・対応言語（4言語）・子ども＆エキストラベッドポリシーがセクション分けして縦並びに表示され、画面下部に最安値と全プラン表示CTAが固定配置されている。,
agoda-416-1752448378283-28.webp,Agoda,コンテンツ詳細,旅行,タブ切替,ホワイト、ネイビーブルー、レッド,ボタン、タブ・セグメントコントロール、検索フィールド、フロートボタン、リスト、ツールバー、タグ・ラベル,"検索, 購入・予約",通常状態,中,ホテルの宿泊ポリシー（子ども・エキストラベッド）と施設からの注意事項（ニュピ祭日の日程）をセクション分けして縦スクロール表示し、画面下部に最安値と全プラン表示CTAボタンを固定配置している。,
agoda-416-1752448379110-30.webp,Agoda,コンテンツ詳細,宿泊旅行,カード式,"白, 黒, 赤(#E8352A), 青","ボタン, タグ・ラベル, カルーセル, カード, ツールバー, 検索フィールド, バッジ, リスト, ページコントロール","検索, フィルタ・並び替え, 購入・予約",通常状態,高,客室詳細ページにおいて、フィルター条件チップ・写真カルーセル・部屋スペック・料金プランカードが縦一列に集約されており、「残室わずか」バッジと「最安値」強調テキストで予約を促す構成になっている。,
agoda-416-1752448379486-31.webp,Agoda,購入・予約,旅行,カード式,"ブルー (#1B4FD8), レッド (#E53935), ホワイト (#FFFFFF), グリーン (#2E7D32)","ボタン, カード, タグ・ラベル, ドロップダウン, ツールバー, バッジ, リスト","購入・予約, 選択",通常状態,高,同一客室タイプに対して支払い条件（即時払い vs 施設直接払い）とキャンセルポリシーが異なる2プランを縦並びカードで比較表示し、それぞれに独立した予約ボタンとカート追加ボタンを配置している。,
agoda-416-1752448379848-32.webp,Agoda,コンテンツ詳細,旅行,カード式,"白, 青, 赤, 緑","ボタン, ドロップダウン, タグ・ラベル, カード, ツールバー, バッジ",購入・予約,通常状態,高,同一客室タイプに対して異なるキャンセルポリシー・支払い条件・価格を持つ複数の料金プランがカード形式で縦並びに表示されており、各カードに「今すぐ予約」と「カートに追加」の2種類のCTAボタンが設置されている。,
agoda-416-1752448380276-33.webp,Agoda,コンテンツ詳細,宿泊旅行,カード式,"白, 青, オレンジ/赤, パープル","ボタン, タグ・ラベル, バッジ, カルーセル, カード, ページコントロール, ドロップダウン, ツールバー, チェックボックス, アイコン","購入・予約, 選択",通常状態,高,客室詳細ページにおいて、残室数・人気バッジ・料金・キャンセルポリシー・朝食オプションを1カード内に集約し、部屋数セレクタと予約ボタンをインライン横並びで配置している。,
agoda-416-1752448380648-34.webp,Agoda,コンテンツ詳細,宿泊旅行,リスト式,ホワイト、ブラック、ダークネイビー,"カード, カルーセル, ツールバー, タグ・ラベル, ページコントロール, 検索フィールド","選択, 購入・予約",通常状態,中,ハイアットリージェンシーの客室タイプ一覧をリスト形式で表示し、各部屋に画像カルーセル・面積・ベッド情報・完売ステータス付き価格が提示されている。,
agoda-416-1752448381012-35.webp,Agoda,コンテンツ詳細,宿泊旅行,カード式,"白, 黒, 赤(オレンジ), 緑, グレー","ボタン, タグ・ラベル, バッジ, カード, カルーセル, 検索フィールド, ツールバー, バナー・アラート, リスト, チェックボックス","検索, 購入・予約",通常状態,高,客室詳細画面にて価格の割引率・クーポン適用額・キャッシュバック・実質料金を多段階で重ねて表示し、割安感を強調する価格訴求UIが構成されている。,
agoda-416-1752448382887-38.webp,Agoda,検索結果,旅行,カード式,ブルー（#1B4FBB）、ホワイト、レッド、グリーン,ボタン、タグ・ラベル、バッジ、リスト、カード、ツールバー、ステッパー、ドロップダウン,検索、購入・予約,通常状態,高,1つの客室タイプに対して朝食なし・朝食込みの2プランをカード形式で縦並びに表示し、割引率・クーポン適用額・キャッシュバック額・実質料金を同一カード内に集約している,
agoda-416-1752448383315-39.webp,Agoda,コンテンツ詳細,旅行,カード式,"白, 青, オレンジ, 紫","ボタン, カルーセル, タグ・ラベル, バッジ, ツールバー, リスト, カード, ドロップダウン, ページコントロール",購入・予約,通常状態,高,客室詳細画面に残室数バッジ・人気ラベル・朝食オプション・キャンセルポリシー・Wi-Fi等の条件をカード内にまとめ、予約ボタンとカート追加ボタンを並列配置している。,
agoda-416-1752448384016-41.webp,Booking.com,購入・予約,旅行,カード式,"白, 青, 緑, オレンジ","ボタン, カード, タグ・ラベル, バナー・アラート, レーティング, リスト, ツールバー",購入・予約,通常状態,高,画面上部に残り約20分のカウントダウンタイマーを表示し、チェックイン日程・ホテル情報・部屋詳細・アメニティ・残室数警告・キャンセルポリシーを1画面に集約した予約確認ページ。,
agoda-416-1752448384385-42.webp,Booking.com,購入・予約,宿旅,カード式,"白, 青, 緑, 赤","ボタン, ラジオボタン, カード, バナー・アラート, アバター, タグ・ラベル, トースト",購入・予約,通常状態,中,カウントダウンタイマーと残室数アラートを複数箇所に配置し、宿泊代表者情報カードと禁煙・ベッド構成のラジオボタン選択UIを同一画面にまとめた予約確認ステップ画面。,
agoda-416-1752448384685-43.webp,Agoda,購入・予約,旅行,カード式,"ブルー (#1B6FD8), ホワイト, グリーン (#2E9E5B), レッド","ボタン, カード, バナー・アラート, タグ・ラベル, ツールバー, リスト",購入・予約,通常状態,高,カウントダウンタイマー・残室数表示・最安値保証バナーの3つの緊急性訴求要素が同一画面に配置され、料金内訳（税・サービス料）と現地通貨換算額が併記されている予約確認画面。,
agoda-416-1752448385018-44.webp,Agoda,コンテンツ詳細,旅行,リスト式,"白, 黒, 青","シート, リスト, ツールバー, ダイアログ",選択,通常状態,高,モーダルシート形式で「周辺スポット情報」を表示し、人気ランドマークと最寄りランドマークの2セクションに分けて施設名と距離をリスト形式で一覧表示している。,
agoda-416-1752448396534-2.webp,Agoda,購入・予約,旅行,カード式,緑（#4CAF50系）、青（#1976D2系）、白、オレンジ,ボタン、カード、バナー・アラート、タグ・ラベル、バッジ、リスト、ツールバー,購入・予約,通常状態,高,"キャッシュバック特典セクション・クーポン適用セクション・料金内訳セクションの3ブロック構成で、クーポン割引（¥-17,485）適用後の合計金額（¥126,501）をブルーのサマリーバーで強調表示し、カウントダウンタイマー（00:18:58）で価格保持の残り時間を上部に提示している。",
agoda-416-1752448396878-3.webp,Booking.com,購入・予約,宿泊旅行,カード式,"ブルー (#0071C2), ホワイト, ライトグレー, レッド","ラジオボタン, ボタン, カード, バナー・アラート, タグ・ラベル, アコーディオン","購入・予約, 選択",通常状態,,禁煙/喫煙選択・ベッド構成リクエストのラジオボタングループと、税・サービス料を内訳表示した最終料金サマリーカード、およびカウントダウンタイマーによる価格保持アラートが1画面に共存している予約確認ステップ。,
agoda-416-1752448398940-9.webp,Agoda,購入・予約,旅行,カード式,ブルー（#1B4FE4）、ホワイト、グレー,ボタン、カード、バナー・アラート、タグ・ラベル、リスト,購入・予約,通常状態,中,予約完了確認画面として、予約ID・チェックイン/アウト日程・支払い方法の通知を上部カードにまとめ、下部にクロスセル導線（他部屋・他ホテル・フライト予約）を配置した構成。,
agoda-416-1752448399234-10.webp,Agoda,購入・予約,旅行,カード式,"白, 緑, 青","カード, バナー・アラート, ボタン, タグ・ラベル, ダイアログ, シート",購入・予約,通常状態,中,予約完了確認画面の上に、LINE公式アカウント友だち追加を促すモーダルシートが重なって表示される二層構造になっている。,
agoda-416-1752448403089-21.webp,Agoda,コンテンツ詳細,旅行,カード式,"白, 紫, 青, オレンジ","ボタン, 検索フィールド, カード, カルーセル, タグ・ラベル, バッジ, ツールバー, リスト, ページコントロール",購入・予約,通常状態,高,客室写真カルーセル・残室わずかバッジ・子供無料タグ・アメニティ一覧・キャンセルポリシー・朝食オプション料金を1画面に集約したホテル客室詳細レイアウト。,
agoda-416-1752448427216-19.webp,KKday,口コミ・レビュー,旅行,リスト式,"ホワイト, ブラック, オレンジ（星評価）, グレー","レーティング, タグ・ラベル, アバター, リスト, ツールバー, バッジ, ボタン",レビュー・評価,通常状態,中,総合評価4.8（168件）を星別件数バーグラフで可視化し、フィルタボタン（関連性順・写真付き・5つ星）と匿名ユーザーのテキストレビューカードをリスト表示する構成。,
agoda-416-1752448429963-27.webp,Agoda,検索結果,旅行,カード式,"ブルー (#1A56DB), ホワイト (#FFFFFF), レッド (#E53935), グリーン (#2E7D32)","ボタン, タブ・セグメントコントロール, 日付・時間選択, カード, タグ・ラベル, ツールバー","検索, 選択, 購入・予約",通常状態,高,日付選択横スクロール＋プロモコード（ACTPROMO）適用済み割引額をカード内に明示し、元値と割引後価格を併記したツアー選択画面。,
agoda-416-1752448457665-28.webp,Agoda,クーポン・リワード,旅行,タブ切替/カード式/リスト式,"ライトサーモンピンク, ネイビーブルー, オレンジレッド, ホワイト","タブ・セグメントコントロール, カード, リスト, テキストフィールド, ボタン, バッジ, ボトムナビ, ツールバー, タグ・ラベル, バナー・アラート","選択, 購入・予約",通常状態,中,「おすすめ/クーポン/プロモーション」の3タブ構成で、プロモコード入力フィールドとカード型クーポン一覧が同一画面内に共存している。,
agoda-416-1752448480238-15.webp,Klook,タイムライン・履歴,旅行,カード式,"ブルー(#1B6FD8), ホワイト, ダークネイビー","ボタン, タブ・セグメントコントロール, カード, バナー・アラート, バッジ, ボトムナビ, タグ・ラベル, ツールバー",購入・予約,通常状態,中,「利用前の予約」タブ内に旅程ビューとリストビューの切替が可能で、通知バナー・予約確定カード・おすすめセクションが縦に積層配置されている。,
01e9bcac-db8a-482b-9d4f-bae86e5b2431.png,Booking.com,カレンダー,旅行,全画面,"ネイビー (#003580), ブルー (#2563EB), ホワイト (#FFFFFF), ライトグレー (#F5F5F5)","日付・時間選択, ボタン, ツールバー","購入・予約, 選択",通常状態,低,2ヶ月分のカレンダーを縦スクロール形式で表示し、選択された日付範囲（5月16日〜17日）が青色ハイライトで強調され、画面下部に選択期間と泊数の確認テキスト、および確定ボタンが固定表示されている。,
115f835e-1c9a-4558-a6cc-957b962a8e47.png,Booking.com,コンテンツ詳細,旅行,カード式,"ダークブルー(#003580), ホワイト, ゴールドイエロー","ボタン, マップ, レーティング, タグ・ラベル, バッジ, リスト, ツールバー, カード",購入・予約,通常状態,中,地図・住所・Genius会員特典・評点カテゴリ別スコア（WiFi/お得感/スタッフ）を縦スクロール形式で一画面に集約し、最下部に固定CTAボタン「客室選択」を配置した構成。,
14ef1b72-5feb-48fa-b731-6ece7ad9d98a.png,Booking,フィルタ・並び替え,旅行,リスト式,"ホワイト (#FFFFFF), ブルー (#0071C2), ライトグレー (#F5F5F5)","ボタン, タグ・ラベル, ツールバー",フィルタ・並び替え,通常状態,中,"予算・人気条件・ホテルランクの3カテゴリをピル型トグルボタンで構成し、選択中の条件（¥15,000-¥20,000）を青枠ハイライトで明示、画面下部に該当件数（720軒）と検索結果表示CTAを固定表示している。",
1f7bd72b-476c-4bd6-9d07-cba9a786f2d8.png,Booking.com,コンテンツ詳細,宿泊/旅行,シート,"#003580（ネイビーブルー）, #FFFFFF（ホワイト）, #FFD700（ゴールド）","ボタン, ステッパー, カルーセル, バナー・アラート, タグ・ラベル, レーティング, ツールバー, シート","購入・予約, 選択",通常状態,中,ホテル詳細画面上にボトムシートとして「部屋数・大人・子供（0〜17歳）」をステッパーUIで選択する宿泊者構成設定パネルが重なって表示されている。,
20caad62-a39d-4f0d-bda6-860c85650706.png,Booking,フィルタ・並び替え,旅行,リスト式,"ホワイト (#FFFFFF), ブルー (#003580), ライトグレー (#F5F5F5)","ボタン, チェックボックス, アコーディオン, タグ・ラベル, ツールバー, リスト",フィルタ・並び替え,通常状態,中,口コミの絞り込みカテゴリ（旅行者タイプ・言語・時期）とキーワードタグ選択（駐車場・トイレが選択済み）を組み合わせた多軸フィルタUIで、下部固定の「絞り込む」CTAボタンで確定する構成。,
27c71ecd-a77d-4c43-9068-dbeca8dbc07d.png,Booking.com,コンテンツ詳細,宿泊旅行,リスト式,"ネイビーブルー (#003580), ブルー (#0071C2), ホワイト (#FFFFFF), グレー (#F5F5F5)","ボタン, リスト, タグ・ラベル, バナー・アラート, ツールバー, アイコン付きリスト","選択, 購入・予約",通常状態,中,健康・衛生への取り組みセクションとアイコン付き施設リストを縦並びに配置し、画面下部に固定CTAボタン（客室選択）とインラインフィードバックダイアログが同時表示されている。,
295d842c-19fa-44ae-acfc-1761f9c3d4a1.png,Booking.com,コンテンツ詳細,宿旅,リスト式,"ネイビーブルー (#003580), ホワイト (#FFFFFF), ダークグレー (#333333)","ツールバー, リスト, タグ・ラベル",選択,通常状態,中,宿泊施設のポリシーページで、クレジットカード種別・チェックイン/アウト・子供ポリシー・Wi-Fi・駐車場・ペットの6カテゴリをアイコン付きセクションで縦並びに整理している。,
436c6b8f-8e78-46ce-a90b-87781d58b05a.png,Booking,フィルタ・並び替え,旅行,リスト式,"ホワイト, ブルー (#1A5276系), グレー","ボタン, アコーディオン, タグ・ラベル, ツールバー",フィルタ・並び替え,通常状態,中,口コミの絞り込み画面で、旅行者タイプ別件数表示・言語・時期のアコーディオンセクションと、施設関連キーワードタグ群（朝食・駐車場・バス等11項目）を組み合わせた構成になっている。,
4e53150b-2367-4524-8b99-2f010985c7bf.png,じゃらん or 楽天トラベル系予約アプリ,カレンダー,旅行,グリッド,"ネイビー(#1A2B4A), ブルー(#2563EB), ホワイト, ライトグレー","ボタン, 日付・時間選択, テーブル, バナー・アラート, ツールバー","購入・予約, 選択",通常状態,中,7列カレンダーグリッドの各日付セルに1泊あたりの目安料金(¥11K〜¥15K)を併記し、選択中の日程範囲(5月16日〜17日)をブルーのハイライトで視覚的に示している。,
501071a5-2998-4d67-9174-0cf89f5d3934.png,Booking.com,購入・予約,旅行,リスト式,"ネイビーブルー (#003580), ホワイト, グリーン (#4CAF50), レッド","ボタン, タグ・ラベル, ツールバー, リスト, バナー・アラート, ページコントロール",購入・予約,通常状態,中,3ステップ進捗インジケーター（ステップ2表示中）と、元値に取り消し線を引いた割引後価格・セール名称・合計金額を縦に並べた価格サマリーセクション、および固定フッターに予約ボタンと合計金額を重複表示する構成を持つホテル予約確認画面。,
5059c91d-96e5-475c-8ff6-8c5bce2e9373.png,Booking,検索結果,宿泊旅行,カード式,"ネイビーブルー, ホワイト, ゴールド/イエロー, グリーン","カード, タグ・ラベル, バッジ, レーティング, ツールバー, 検索フィールド, ボタン, リスト","検索, フィルタ・並び替え",通常状態,高,各宿泊施設カードに評価スコア・清潔さスコア・元値と割引後価格・残室数・キャンセル無料バッジ・期間限定セールラベルを集約表示し、1705件のヒット件数をリスト上部に明示している。,
60e0577c-3cb0-411c-ad89-7a7ae95097d3.png,Booking.com,購入・予約,宿旅,カード式,"ダークブルー(#003580), ホワイト, グリーン(#008009), レッド(#CC0000)","ボタン, カード, タグ・ラベル, バッジ, ドロップダウン, ツールバー, リスト","選択, 購入・予約",通常状態,高,"同一客室タイプ(ジュニアスイート)を大人2名・3名の定員別で縦に並べて比較表示し、HOLIDAYセール価格(¥35,000→¥25,480)・キャンセルポリシー・ベッド構成・朝食有無・アメニティアイコンを1カード内に集約している。",
6c382476-688f-4aca-aea6-437fb0e84ed4.png,Booking,フィルタ・並び替え,宿泊旅行,リスト式,"白, 青, グレー","ボタン, スイッチ・トグル, タグ・ラベル, ツールバー",フィルタ・並び替え,通常状態,中,食事・無料キャンセル・特別料金・ホテルチェーン・クチコミスコアの5カテゴリを縦スクロール形式で並べ、各項目はアウトラインボタン型タグで選択し、下部に該当件数720軒と検索結果表示ボタンを固定表示する構成。,
7c1c19c3-01ae-41c8-8b7c-87d6bcc227b8.png,Booking.com,購入・予約,旅行,リスト式,"ダークブルー (#003580), ホワイト (#FFFFFF), グリーン (#008234), レッド (#CC0000)","ツールバー, リスト, タグ・ラベル",購入・予約,通常状態,中,客室料金・消費税・Booking.comによる割引負担額を項目別に分解表示し、元値との差額を赤字打ち消し線と最終金額で並列表示する料金内訳画面。,
7fb09274-b053-4bd2-9d03-d0fe5cce5556.png,Booking.com,購入・予約,旅行,カード式,"ネイビーブルー (#003580), ホワイト, グリーン (#00B67A), レッド (#CC0000)","ボタン, カード, バナー・アラート, タグ・ラベル, バッジ, リスト, ツールバー","購入・予約, 選択, キャンセル・返金",通常状態,高,キャンセルポリシー警告バナーを最上部に配置し、客室カード内に元値・割引価格・残室数・HOLIDAYセールラベルを集約して緊急性と割引訴求を同時に提示している。,
86401ffd-c448-493f-8c52-99e07e42b37c.png,Booking.com,検索結果,旅行,カード式,"ネイビーブルー (#003580), ホワイト, ゴールド/イエロー, レッド","検索フィールド, カード, レーティング, タグ・ラベル, バッジ, ツールバー, バナー・アラート, リスト, ボタン","検索, フィルタ・並び替え, 購入・予約",通常状態,高,各宿泊施設カードに価格・割引率・スコア・清潔さ評価・残室数警告・キャンセルポリシーを一括表示し、Geniusバッジや割引前後価格の併記で意思決定を促す構成になっている。,
90050130-0e9a-48b5-8302-553af9571a3c.png,Booking.com,コンテンツ詳細,宿泊旅行,カード式,"ダークブルー(#003580), ホワイト, ゴールド(星評価), グリーン(セールバッジ)","ボタン, レーティング, カルーセル, タグ・ラベル, バッジ, ツールバー, リスト, アコーディオン, バナー・アラート","購入・予約, 選択",通常状態,中,ホテル写真を2行グリッドで複数枚表示し、チェックイン・アウト日程と宿泊人数の確認情報を縦にまとめた上で、単一のCTAボタン「客室選択」へ誘導する構成になっている。,
a3d5b135-3b2e-4bfb-8f1e-d0fac470ebe1.png,Booking,コンテンツ詳細,宿泊旅行,リスト式,"ネイビーブルー (#003580), ホワイト (#FFFFFF), ブラック (#000000)","ツールバー, リスト, タグ・ラベル",購入・予約,通常状態,中,宿泊施設の予約条件（前払い・キャンセルポリシー・子供対応・食事・税金）をアイコン付きのセクション区切りリスト形式で一覧表示している。,
b355696f-8fa9-420f-ace1-579963a0d4c5.png,Booking.com,ホーム,旅行,カード式,"ダークブルー(#003580), ホワイト, イエロー(#FFB700), ブルー(#0071C2)","テキストフィールド, ボタン, 日付・時間選択, ボトムナビ, 検索フィールド, バナー・アラート, カード, タブ・セグメントコントロール, ツールバー",検索,通常状態,低,目的地・日程・人数をまとめたイエロー枠の検索ボックスをファーストビューの中心に配置し、COVID-19注意バナーとプロモーション画像バナーを下部に縦積みしたシンプルな構成。,
b4dd3d5f-b62e-453f-a4bb-22d200f9e53d.png,Booking.com,フィルタ・並び替え,宿泊旅行,リスト式,"ホワイト (#FFFFFF), ネイビーブルー (#003580), シアンブルー (#0071C2)","ボタン, タグ・ラベル, ツールバー, アコーディオン",フィルタ・並び替え,通常状態,中,貸切タイプ・宿泊施設タイプ・ベッド台数・施設設備の4カテゴリをピルボタン形式で選択でき、該当件数がリアルタイムで表示される構成になっている。,
ba610879-1989-4201-8c11-3cacbfe6d021.png,Booking.com,フィルタ・並び替え,宿泊旅行,リスト式,"ホワイト, ネイビーブルー, ブルー(#003580系)","ボタン, タグ・ラベル, ツールバー",フィルタ・並び替え,通常状態,中,お部屋の設備・ベッドタイプ・都市・観光スポットの4カテゴリを縦に並べ、各カテゴリ内の選択肢をピル型タグで横並びに表示し、件数を括弧内に明示した絞り込み画面で、下部に該当件数(720軒)と検索結果表示ボタンを固定配置している。,
bcdf1777-9081-4644-9943-77c4529881ab.png,Booking.com,購入・予約,旅行,リスト式,"ダークブルー (#003580), グリーン (#28A745), レッド (#E74C3C), ホワイト (#FFFFFF)","ボタン, バナー・アラート, タグ・ラベル, リスト, ツールバー, テキストフィールド",購入・予約,通常状態,中,3ステップ進捗インジケーター（ステップ2表示中）、緊急性を促す「最後の1部屋」アラート、取り消し線付き元値と割引価格の併記、キャンセル無料を強調した固定CTAバーが画面下部に配置されている予約確認画面。,
c9351561-3a12-47e5-af13-eaab7616f080.png,Booking.com,口コミ・レビュー,旅行,リスト式,"ダークネイビー (#003580), ホワイト (#FFFFFF), ライトグレー","ツールバー, リスト, アクションシート, ラジオボタン, タグ・ラベル, バッジ","フィルタ・並び替え, レビュー・評価",パーシャルステート,中,ホテルのカテゴリ別評価スコア（WiFi/お得感/スタッフ/ロケーション/快適さ/施設設備）をバーグラフで表示した画面の上に、レビューの並び替えオプション（関連性/新しい順/古い順/スコア高低）を選択するアクションシートがオーバーレイ表示されている。,
d5df5af0-9607-4ca2-9edb-777c52e06490.png,Booking.com,購入・予約,宿泊旅行,カード式,"ネイビーブルー (#003580), ホワイト, グリーン (#00853D), レッド","ボタン, カード, タグ・ラベル, バッジ, ツールバー, リスト","選択, 購入・予約",通常状態,高,同一客室タイプ「ジュニアスイート」を定員人数（大人3名・4名）別に分けた2カードを縦スクロールで並列表示し、HOLIDAYセールによる値引き価格・残室数警告・キャンセル無料期限を各カード内に集約している。,
fa876479-d537-4cf3-aa74-5bbac266c45a.png,Booking,検索結果,旅行,カード式,"ダークブルー (#003580), ホワイト, ゴールド (星評価), グリーン (バッジ・価格)","検索フィールド, ボタン, タグ・ラベル, バッジ, レーティング, カード, リスト, ツールバー","検索, フィルタ・並び替え",通常状態,高,価格フィルターが複数タグで表示され、各宿泊施設カードに元値・割引後価格・税込表示・キャンセルポリシー・Geniusバッジ・スコアが同時に提示されている,
fedc8009-01e5-4e9c-90ac-120a8fcbc570.png,Booking.com,購入・予約,旅行,リスト式,"ネイビーブルー (#003580), ホワイト, グリーン (#4CAF50), レッド","ボタン, レーティング, カード, タグ・ラベル, ツールバー, バナー・アラート, テキストフィールド, ページコントロール",購入・予約,通常状態,高,3ステップ進捗インジケーター（現在ステップ2）を上部に表示し、元の料金・セール割引・Booking.com負担額の3段階値引き構造を明示した価格サマリーと、残り1部屋の緊急性アラートおよびキャンセル無料バナーを同一画面内に配置している。,
IMG_1718.PNG,一休.com,ホーム,宿泊・旅行,カード式,"ネイビーブルー (#1A3A6B), ホワイト (#FFFFFF), イエロー (#FFD700), ライトブルー (#4A90D9)","バナー・アラート, 検索フィールド, 日付・時間選択, ステッパー, ボタン, ページコントロール, カード, カルーセル, ボトムナビ, タグ・ラベル, フロートボタン, タブ・セグメントコントロール","検索, 購入・予約",通常状態,中,画面上部にプロモーションバナー、中央に宿泊施設検索ウィジェット（エリア・日付・人数）、下部にランキングカルーセルを配置した縦スクロール型ホーム画面構成。,
IMG_1719.PNG,一休.com,コンテンツ詳細,宿泊・旅行,カード式,"白, 紺青, 黄色, ゴールド","バナー・アラート, カルーセル, ページコントロール, タブ・セグメントコントロール, レーティング, タグ・ラベル, ボタン, ボトムナビ, ツールバー",購入・予約,通常状態,中,ホテル詳細ページにロビー画像カルーセル・評価スコア・チェックイン情報・客室数・最低価格をまとめて表示し、固定フッターに価格とCTAボタンを配置している。,
IMG_1720.PNG,一休,コンテンツ詳細,宿泊/旅行,カード式,"白, 黒, 青(#007AFF系), グレー","タブ・セグメントコントロール, カード, リスト, カルーセル, ボタン, バッジ, ボトムナビ, ツールバー, タグ・ラベル",購入・予約,通常状態,中,ホテル詳細ページにおいて、上部に水平スクロール可能なタブナビ（予約/詳細/クチコミ/写真/空室カレンダー/地図）を配置し、口コミテキスト・複数施設写真・施設説明・お知らせを縦スクロールで段階的に表示する構成となっている。,
IMG_1721.PNG,一休.com,コンテンツ詳細,宿泊/旅行,タブ切替/カード式,"ネイビー(#1A3A6B), ブルー(#2E7FD4), ホワイト(#FFFFFF), ライトグレー(#F5F5F5)","ボタン, タブ・セグメントコントロール, タグ・ラベル, カード, カルーセル, ボトムナビ, ツールバー, バッジ","検索, フィルタ・並び替え, 購入・予約",通常状態,中,部屋(23件)とプラン(19件)をセグメントコントロールで切り替え可能で、朝食付き・夕朝食付き・禁煙などのフィルタタグと安い順/高い順の並び替えを組み合わせた宿泊予約選択画面で、ポイントの即時利用・貯める選択トグルが上部に配置されている。,
IMG_1722.PNG,一休,カレンダー,宿旅,テーブル,青（#2D7DD2）、白、グレー、赤（日曜日強調）,"ステッパー, チェックボックス, テーブル, タグ・ラベル, ボトムナビ, タブ・セグメントコントロール, ツールバー","購入・予約, 選択, フィルタ・並び替え",通常状態,高,カレンダー形式で各日付に最低料金（円〜）を表示し、選択中の日付範囲（5/13〜14）を青背景でハイライト、空室待ちや料金なし（-）の日も視覚的に区別して表示している。,
IMG_1723.PNG,一休,カレンダー,宿旅,テーブル,"ホワイト, ブルー (#1E7FD9), レッド, グレー","ボタン, チェックボックス, ステッパー, タブ・セグメントコントロール, テーブル, ボトムナビ, ツールバー, タグ・ラベル","購入・予約, フィルタ・並び替え, 選択",パーシャルステート,高,2泊分の宿泊料金（円〜表記）を月別カレンダー形式で日付ごとに表示し、空室なし・空室待ちのステータスも同セル内に併記している。,
IMG_1724.PNG,一休,フィルタ・並び替え,宿泊旅行,シート,"#1A3A6B（ネイビー）, #FFFFFF（ホワイト）, #2979FF（ブルー）","ボタン, ステッパー, ドロップダウン, シート, タブ・セグメントコントロール, タグ・ラベル, ボトムナビ, ツールバー","検索, フィルタ・並び替え",通常状態,中,ボトムシート形式で大人人数・子供・室数を設定するゲスト構成セレクターが、背景の部屋・プラン検索画面にオーバーレイ表示されている。,
IMG_1725.PNG,一休,購入・予約,宿泊/旅行,リスト式,ブルー（#1A6FD4系）、ホワイト、ライトグレー,"ボタン, ステッパー, アコーディオン, ボトムナビ, タブ・セグメントコントロール, ツールバー","購入・予約, フィルタ・並び替え, 選択",通常状態,中,宿泊人数入力画面において、子供を「小学生（高学年・低学年）」と「乳幼児（食事・寝具の有無4パターン）」に細分化したステッパーUIでアコーディオン展開されている。,
IMG_1726.PNG,一休,フィルタ・並び替え,宿泊,リスト式,"ホワイト (#FFFFFF), ダークネイビー (#1A3A6B), ライトグレー (#F2F2F2)","チェックボックス, ボタン, タブ・セグメントコントロール, ボトムナビ, タグ・ラベル, ツールバー","フィルタ・並び替え, 検索",通常状態,中,部屋タイプ・食事・部屋のこだわりの3カテゴリにグループ化されたチェックボックス群と、各選択肢に括弧内で該当プラン数が併記されている構成。,
IMG_1727.PNG,一休,フィルタ・並び替え,宿泊/旅行,リスト式,"ブルー (#2B6CB0系), ホワイト, ライトグレー","チェックボックス, ラジオボタン, スライダー, テキストフィールド, ボタン, ボトムナビ, タブ・セグメントコントロール, ツールバー","フィルタ・並び替え, 検索",通常状態,中,客室設備のチェックボックス（件数付き）、レイトチェックアウト時間のラジオボタン選択、価格帯のデュアルハンドルスライダーと数値入力フィールドを組み合わせた3種類の絞り込み要素が縦に並んでいる。,
IMG_1728.PNG,一休,検索結果,宿泊旅行,カード式,"ネイビー(#1A3A5C), ブルー(#2E7DD1), ホワイト(#FFFFFF)","ボタン, タブ・セグメントコントロール, ページコントロール, ボトムナビ, ツールバー, タグ・ラベル, カード, カルーセル, バナー・アラート, リスト","検索, フィルタ・並び替え, 購入・予約",通常状態,中,宿泊プランを「部屋(22)」と「プラン(5)」のタブで切り替え表示し、食事条件・禁煙などのフィルタチップと安い順/高い順ソートを上部に並べた検索結果画面で、ポイント即時利用と貯蓄の切替トグルも同一画面内に配置されている。,
IMG_1729.PNG,一休,コンテンツ詳細,宿泊,カード式,"ブルー (#1A73E8系), ホワイト, グリーン (#4CAF50系), オレンジ/アンバー","ボタン, タブ・セグメントコントロール, ページコントロール, ボトムナビ, カード, カルーセル, タグ・ラベル, ツールバー, バッジ","購入・予約, 選択",通常状態,中,部屋タイプ選択画面において、カルーセル画像・タグ情報・ポイント割引表示・税込価格・予約ボタンをひとつのカード内に集約し、部屋数(22)とプラン数(5)をタブで切り替えられる構成になっている。,
IMG_1730.PNG,一休,購入・予約,宿泊/旅行,カード式,"白, グレー, 緑（CTA）, オレンジ（アイコン）, 赤（注意文）","ボタン, タグ・ラベル, カード, ボトムナビ, タブ・セグメントコントロール, バナー・アラート, ツールバー","購入・予約, 選択",通常状態,中,プラン名・部屋情報・人数・宿泊数・料金・ポイント割引・キャンセルポリシー・予約受付期間が1画面にまとめられ、緑色の大型CTAボタンで日付選択へ誘導する構成になっている。,
IMG_1731.PNG,じゃらん,コンテンツ詳細,宿泊/旅行,カード式,"ホワイト, グリーン, ネイビー, オリーブ","ボタン, タグ・ラベル, カルーセル, ページコントロール, バナー・アラート, ボトムナビ, ツールバー",購入・予約,通常状態,中,宿泊プラン詳細ページに、決済方法タグ・プラン説明・部屋写真カルーセル・固定CTAボタン（日付選択して予約）が縦スクロール構成で配置されている。,
IMG_1732.PNG,じゃらん,コンテンツ詳細,宿旅,リスト式,緑（#4CAF50）、ゴールド（#8B7536）、白（#FFFFFF）、グレー（#F5F5F5）,ボタン、タグ・ラベル、バナー・アラート、リスト、ボトムナビ、ツールバー,購入・予約,通常状態,高,ホテル客室の設備情報・アメニティをテキストとタグで列挙し、画面下部に固定された緑色の予約CTAボタンと最大5%OFFのプロモーションバナーが同時に表示される構成。,
IMG_1733.PNG,一休,コンテンツ詳細,宿旅,リスト式,"ネイビーブルー, グリーン, ホワイト, ゴールド","バナー・アラート, リスト, カード, ボタン, ボトムナビ, タグ・ラベル, ツールバー",購入・予約,通常状態,高,アメニティ一覧をチェックマーク付き2カラムリストで表示し、朝食画像とCTAボタンを同一スクロール画面内に配置することで、宿泊詳細情報と予約導線を一体化した構成になっている。,
IMG_1734.PNG,,,,,,,,,,,"Error code: 400 - {'type': 'error', 'error': {'type': 'invalid_request_error', 'message': 'messages.0.content.0.image.source.base64: image exceeds 5 MB maximum: 5310688 bytes > 5242880 bytes'}, 'request_id': 'req_011CaxTXfJCxVjX1ccqhJEdn'}"
IMG_1735.PNG,一休,コンテンツ詳細,宿旅,リスト式,ホワイト/#2E7D32（緑）/#1A3A5C（紺）/#B8960C（ゴールド）,"ボタン, アコーディオン, バナー・アラート, ボトムナビ, ツールバー",購入・予約,通常状態,低,施設詳細ページ下部にキャンセルポリシー・料金・支払い等の情報がアコーディオン形式で折りたたまれており、画面最下部に固定CTAボタン「日付を選択して予約」が配置されている。,
IMG_1736.PNG,一休.com,購入・予約,宿泊・旅行,カード式,"ゴールド/ダークネイビー, グリーン（CTA）, オレンジ（警告・残室）, ホワイト（背景）","ボタン, タグ・ラベル, バッジ, カード, バナー・アラート, ボトムナビ, ツールバー, リスト",購入・予約,通常状態,高,プラン詳細・室タイプ・チェックイン情報・ポイント割引額・税込価格・キャンセル無料期限・予約受付期間を1画面に集約し、残室数バッジと緑色CTAボタンで希少性と行動促進を同時に訴求する構成。,
IMG_1737.PNG,一休.com,購入・予約,宿泊/旅行,リスト式,ホワイト/#1A3A6B（ネイビー）/#C8A84B（ゴールド）/#007AFF（青リンク）,"テキストフィールド, ボタン, カード, リスト, ツールバー, ボトムナビ, タグ・ラベル, バッジ",購入・予約,パーシャルステート,中,予約内容サマリー（ホテル名・日程・人数・プラン）をページ上部にカード形式で固定表示し、下部に連絡先・予約者情報の入力フォームと税込合計金額の固定フッターを配置した一画面完結型の予約入力レイアウト。,
IMG_1738.PNG,一休,コンテンツ詳細,宿泊,カード式,白、緑、オレンジ、黒,ボタン、タグ・ラベル、リスト、カード、タブ・セグメントコントロール、ボトムナビ、ツールバー、バッジ,購入・予約,通常状態,高,同一客室に対して複数の宿泊プランをカード形式で縦並びに表示し、ポイント割引適用後の価格と通常価格を併記することで価格メリットを訴求する構成になっている。,
IMG_1739.PNG,一休,検索結果,宿泊/旅行,カード式,"白, 緑, オレンジ, 黒","ボタン, タブ・セグメントコントロール, ボトムナビ, カード, タグ・ラベル, バナー・アラート, リスト","検索, 購入・予約",通常状態,高,各プランカードにチェックイン・アウト時間・税込価格・ポイント割引後価格を併記し、緑の「詳細・予約」CTAボタンを各カード下部に統一配置している,
IMG_1740.PNG,一休,コンテンツ詳細,宿泊・旅行,カード式,"白, 緑(#4CAF50系), オレンジ/アンバー, 黒, グレー","ボタン, タブ・セグメントコントロール, リスト, カード, タグ・ラベル, ボトムナビ, ツールバー, バナー・アラート",購入・予約,通常状態,高,宿泊プランを縦方向カード形式で列挙し、各カードにチェックイン・アウト時刻・税込価格・ポイント割引後価格・朝食有無を明示した上で、緑の単一CTAボタンを配置する構成。,
IMG_1741.PNG,一休,カレンダー,宿旅,リスト式,"ホワイト, ブルー, レッド, グレー","ドロップダウン, セレクト, テーブル, ボトムナビ, ツールバー, タグ・ラベル","フィルタ・並び替え, 選択, 購入・予約",パーシャルステート,高,空室カレンダー画面上にドロップダウンが展開され、複数の客室タイプ（禁煙・喫煙・階層別）がリスト表示されており、チェックマークで現在選択中の部屋タイプ（アネックスタワー ダブルルーム 禁煙）が示されている。,
IMG_1742.PNG,一休,購入・予約,宿泊,カード式,"ブルー (#2196F3系), グリーン (#4CAF50系), ホワイト, オレンジ","ボタン, タブ・セグメントコントロール, カード, タグ・ラベル, ボトムナビ, ツールバー, バッジ",購入・予約,通常状態,高,「部屋(22)」と「プラン(5)」のタブ切替UIにより、1つのカード内に室タイプ・チェックイン時間・料金・ポイント割引情報・予約CTAボタンが集約されている。,
IMG_1743.PNG,一休,検索結果,宿泊/旅行,カード式,"白, 緑, 黒, オレンジ（ポイント表示）","ボタン, タブ・セグメントコントロール, カード, タグ・ラベル, リスト, ボトムナビ, ツールバー","検索, 購入・予約",通常状態,中,同一ホテルの複数客室タイプ（禁煙・喫煙・階層別）をカード形式で縦並びに列挙し、各カードに室内写真・室内面積タグ・通常価格の取り消し線付きポイント割引価格・税込合計価格・詳細予約ボタンを統一フォーマットで配置している。,
IMG_1744.PNG,一休,おすすめ・類似アイテム,宿泊,カード式,"ホワイト, ブルー, オレンジ","ボタン, タブ・セグメントコントロール, カード, カルーセル, レーティング, ボトムナビ, ツールバー, タグ・ラベル",選択,通常状態,中,「この宿に泊まった人がよく泊まる宿」と「スイートルームが人気のホテル」という2種類のレコメンドセクションが縦に並び、それぞれ横スクロール可能なカルーセルで構成されている。,
IMG_1745.PNG,一休,コンテンツ詳細,宿泊,カード式,"ホワイト, ブルー, グレー","タブ・セグメントコントロール, カード, カルーセル, リスト, ボトムナビ, ツールバー, マップ, バナー・アラート",選択,通常状態,中,宿泊施設の詳細ページで、施設写真カテゴリ（お部屋・レストラン・設備）のグリッド表示、施設詳細情報、地図・アクセス情報が縦スクロール形式で構成され、上部に予約・詳細・クチコミ等の水平タブナビゲーションが固定されている。,
IMG_1746.PNG,一休,コンテンツ詳細,宿旅,タブ切替,"ホワイト, ブルー, グレー, レッド","タブ・セグメントコントロール, マップ, リスト, ボトムナビ, ボタン, アコーディオン, バナー・アラート",購入・予約,通常状態,中,施設の住所・電話番号・Googleマップ・車での所要時間・施設内レストランのアコーディオンセクションが縦に並び、下部にチャット形式の質問ショートカットバーが固定表示されている。,
IMG_1747.PNG,一休.com,コンテンツ詳細,宿泊旅行,カード式,"ホワイト, ブラック, オレンジ/ゴールド, ブルー","タブ・セグメントコントロール, カルーセル, カード, レーティング, タグ・ラベル, ボトムナビ, ボタン, リスト","選択, 購入・予約",通常状態,高,ホテル詳細ページ内に関連ホテルグループの横スクロールカルーセルと口コミセクションが縦に並列配置され、ポイント割引率と税込価格が強調表示されている。,
IMG_1748.PNG,一休,コンテンツ詳細,宿泊旅行,リスト式,"ブルー (#3A7BD5), ホワイト (#FFFFFF), グレー (#F5F5F5)","ボタン, タブ・セグメントコントロール, アコーディオン, ボトムナビ, ツールバー","検索, 購入・予約",エンプティステート,低,予約可能プランが存在しない状態で、「検索をつづける」CTAボタンと5項目のアコーディオンFAQセクションが縦に並び、パンくずナビとチャット導線が画面下部に配置されている。,
